flight,axis,event_time_active_s,delta_deg,pre_error_deg,post_angle_err_rms_deg,post_angle_abs_err_p95_deg,t63_ms,overshoot_deg,overshoot_pct_of_step,gyro_err_rms_dps,gyro_abs_err_p95_dps,angle_ff_with_sp_rate_pct,gyro_output_help_pct,gyro_p_help_pct,gyro_i_help_pct,gyro_d_damping_pct,gyro_d_opposes_p_pct,gyro_p_rms,gyro_i_rms,gyro_d_rms
1,roll,4.49,7.7799995,-0.740767,1.4849305207231907,2.6325087000000007,389.0,3.6775545000000003,47.2693410841479,9.535624821786403,17.911303250000007,18.181818181818183,100.0,100.0,0.0,0.0,0.0,36.23537377476554,0.0,0.0
1,roll,5.299,6.359999000000002,-0.4941840000000006,1.6710893101754913,3.06271605,284.0,0.053245999999997906,0.8372013894970406,4.9505503193964735,9.26879035,8.333333333333332,100.0,100.0,0.0,0.0,0.0,18.81209102751225,0.0,0.0
1,roll,6.159,-15.84,0.0977680000000003,4.372138192639001,8.914229799999998,284.0,3.721260000000001,23.492803030303037,24.901447459027963,46.39006439999999,13.043478260869565,100.0,100.0,0.0,0.0,0.0,94.62549931036973,0.0,0.0
1,roll,8.909,2.938295,-0.1986850000000001,1.967603681752523,3.7643512999999995,151.0,2.14947,73.15364862956238,10.226515937576822,20.81861774999999,22.58064516129032,100.0,100.0,0.0,0.0,0.0,38.86076027497192,0.0,0.0
1,roll,14.218,-2.118931,-0.88924,1.3640840711906919,2.891832,212.0,0.2514590000000001,11.867257593569594,6.075539702342806,11.534647,37.03703703703704,100.0,100.0,0.0,0.0,0.0,23.08705054016298,0.0,0.0
1,roll,15.418000000000001,1.262397,-0.5898470000000002,1.0323289424473503,1.3947517999999999,21.0,2.212204,175.2383758833394,5.095725043450342,9.2904278,73.33333333333333,100.0,100.0,0.0,0.0,0.0,19.36375493232983,0.0,0.0
1,roll,16.358,1.8553729999999997,1.169915,2.5828790684903886,4.708283799999999,223.0,2.328574,125.5043595007581,9.911786385924355,16.876501,53.125,100.0,100.0,0.0,0.0,0.0,37.66478755367162,0.0,0.0
1,roll,17.238,-1.5074770000000002,1.026429,1.5874477368540312,2.7567165,0.0,1.8952579999999997,125.72384188946164,10.07183863587513,18.127519799999998,50.0,100.0,100.0,0.0,0.0,0.0,38.27298628813846,0.0,0.0
1,roll,18.615000000000002,-14.296367,1.518879,4.858440936320347,9.363892199999999,414.0,3.3088649999999973,23.144796156953703,13.193568824330917,27.130027700000003,43.75,100.0,100.0,0.0,0.0,0.0,50.13556070825081,0.0,0.0
1,roll,19.438,12.8,-0.04915800000000026,4.381123771721694,10.64055805,227.0,2.790958,21.804359374999997,24.377739048940853,43.00609035,56.25,100.0,100.0,0.0,0.0,0.0,92.6354069992683,0.0,0.0
1,roll,20.318,20.72,-2.247245,4.7824240251073995,8.126811399999998,242.0,0.783488000000002,3.781312741312751,11.910780254921454,22.048900199999995,60.0,100.0,100.0,0.0,0.0,0.0,45.26096422954406,0.0,0.0
1,roll,21.197,-18.480001,-0.02083499999999816,5.89043089349645,16.251045549999997,232.0,3.415025,18.479571510845695,33.16987196395229,59.58271674999999,27.27272727272727,100.0,100.0,0.0,0.0,0.0,126.0455125274485,0.0,0.0
1,roll,26.417,21.12,-1.550572,7.661760302182416,17.82454075,196.0,1.9303109999999997,9.139730113636363,34.11153978978877,67.22987425,0.0,100.0,100.0,0.0,0.0,0.0,129.6238499120198,0.0,0.0
1,roll,27.237000000000002,-17.04,-3.5099209999999985,8.093173733655115,19.222762000000003,171.0,3.979769000000001,23.35545187793428,39.30916394807773,86.43580850000001,36.36363636363637,100.0,100.0,0.0,0.0,0.0,149.37482082945127,0.0,0.0
1,roll,28.677,15.64,0.6761619999999999,6.133511179687898,13.19480575,231.0,1.8163359999999997,11.613401534526853,19.119173426359367,44.572716,19.230769230769234,100.0,100.0,0.0,0.0,0.0,72.65285826058715,0.0,0.0
1,roll,29.637,-5.76,1.2559749999999994,2.1158610386716297,5.177931600000001,381.0,9.526754,165.39503472222225,14.821522485774084,30.733774400000005,56.52173913043478,100.0,100.0,0.0,0.0,0.0,56.32178487134005,0.0,0.0
1,roll,31.576,-2.84,-1.427851,1.3693492438083519,2.7239758000000003,285.0,2.145949,75.56158450704226,9.579927320441668,15.0191966,90.0,100.0,100.0,0.0,0.0,0.0,36.40372339831088,0.0,0.0
1,roll,34.156,2.96,-1.0091889999999997,2.4349448605653485,3.7016351999999997,113.0,4.213735,142.35591216216216,22.487598561883065,34.344982,57.14285714285714,100.0,100.0,0.0,0.0,0.0,85.45287345605273,0.0,0.0
1,roll,35.996,2.84,1.49982,1.8712472750954716,3.26686325,293.0,1.242293,43.74271126760564,9.878943858675514,18.089562,55.00000000000001,100.0,100.0,0.0,0.0,0.0,37.53998619910693,0.0,0.0
1,roll,37.686,-4.8,-0.4870860000000006,0.6575239358424642,1.3001487000000007,251.0,0.7928990000000002,16.51872916666667,5.811879267739603,11.0455278,53.333333333333336,100.0,100.0,0.0,0.0,0.0,22.085140906592045,0.0,0.0
1,roll,38.646,-1.7000000000000002,-0.6879869999999999,0.9276777043538067,1.9048909,251.0,0.2497529999999999,14.691352941176463,5.731993369646099,10.786774349999996,27.27272727272727,100.0,100.0,0.0,0.0,0.0,21.781574584572233,0.0,0.0
1,roll,40.885,21.04,-1.385072,7.2462330771515315,17.66135435,202.0,0.6329349999999998,3.0082461977186306,30.41762985707123,78.02473430000003,0.0,100.0,100.0,0.0,0.0,0.0,115.58699137612615,0.0,0.0
1,roll,41.795,-21.24,0.4056360000000012,7.7017586559649285,19.36542,192.0,4.1683730000000025,19.625108286252367,41.05489195892929,76.07048649999999,11.76470588235294,100.0,100.0,0.0,0.0,0.0,156.00858766327582,0.0,0.0
1,roll,43.615,-15.439999999999998,0.38547,4.6378572209826565,8.2311649,336.0,0.8976130000000033,5.8135556994818876,11.493997507520161,26.5445115,22.22222222222222,100.0,100.0,0.0,0.0,0.0,43.67718974457828,0.0,0.0
1,roll,44.435,13.479999,0.6380859999999995,5.997406570272317,12.701432999999998,141.0,6.945106000000003,51.52156168557582,32.87982850385927,52.46131729999996,10.0,100.0,100.0,0.0,0.0,0.0,124.94334632892986,0.0,0.0
1,roll,45.245,8.58,5.02403,3.510397798116632,9.453952100000002,122.0,2.7964990000000007,32.593228438228444,22.149026004571823,47.0426912,60.0,100.0,100.0,0.0,0.0,0.0,84.16629782579956,0.0,0.0
1,roll,46.285000000000004,-21.12,1.1711160000000014,7.167794440790361,16.427755349999998,272.0,5.4944880000000005,26.015568181818182,38.96970355094442,65.1196198,14.285714285714285,100.0,100.0,0.0,0.0,0.0,148.0848716901707,0.0,0.0
1,roll,47.765,21.04,1.1907450000000002,7.924214681956283,18.3442518,260.0,2.4654640000000008,11.717984790874528,31.29813717473576,62.51986789999999,16.666666666666664,100.0,100.0,0.0,0.0,0.0,118.93291984267626,0.0,0.0
1,roll,48.594,-21.12,1.4141960000000005,7.611005108154069,15.363530000000004,160.0,4.681359999999998,22.16553030303029,38.5970739838995,61.15702520000001,58.82352941176471,100.0,100.0,0.0,0.0,0.0,146.6688786296579,0.0,0.0
1,roll,49.514,-1.84,2.4246179999999997,9.145001655707611,18.506052499999996,0.0,18.840834,1023.9583695652174,42.10954637907069,83.96099329999997,18.181818181818183,100.0,100.0,0.0,0.0,0.0,160.01627417215346,0.0,0.0
1,pitch,3.584,-2.7199999999999998,1.0911140000000001,1.6614648482476613,3.95769175,507.0,3.9168510000000003,144.001875,9.207101846260658,19.39424675,0.0,100.0,100.0,63.005780346820806,0.0,0.0,42.35266779090269,1.2146305062908558,0.0
1,pitch,4.57,-1.6800000000000002,0.42496,1.0613061366810084,1.7441958000000002,572.0,0.9285490000000003,55.270773809523824,7.24545920373866,13.87717979999999,0.0,100.0,100.0,52.11009174311927,0.0,0.0,33.3291115084011,1.5393770942869562,0.0
1,pitch,5.3790000000000004,-3.799999999999999,-1.2432040000000004,1.7852450943377716,2.9270216,282.0,0.5514410000000005,14.511605263157913,8.36190393788769,16.454993899999998,18.181818181818183,100.0,100.0,32.27722772277228,0.0,0.0,38.4647572770802,1.408869930825417,0.0
1,pitch,6.199,14.559999,-0.41771899999999995,3.451737082384739,7.5755102,245.0,2.3286050000000014,15.99316730722304,15.925521893884843,27.39017299999999,25.0,100.0,100.0,16.550522648083625,0.0,0.0,73.25739920468594,0.879276461437046,0.0
1,pitch,8.919,-3.797742,0.7179880000000001,1.9542800625684005,4.8012317499999995,93.0,2.7576510000000005,72.61291051366841,11.312731455130333,22.090604799999998,25.806451612903224,100.0,100.0,75.591985428051,0.0,0.0,52.03856371088108,0.5178370886627909,0.0
1,pitch,14.778,-8.458205,-1.515532,3.0991653384683353,4.3729248,372.0,2.2948819999999994,27.132021510474143,9.060488385803,16.859002999999998,72.72727272727273,100.0,100.0,47.480620155038764,0.0,0.0,41.67824567397159,1.846389173789488,0.0
1,pitch,16.378,-3.4423950000000003,-2.1893190000000002,3.0556317214675883,4.7042192499999995,440.0,0.0,0.0,17.062043116273436,30.53684025,51.61290322580645,100.0,100.0,27.59259259259259,0.0,0.0,78.48539683215961,0.3801567693770288,0.0
1,pitch,17.238,11.146111,-1.4655269999999998,2.621448420311484,3.820174,251.0,4.230257,37.95276217866483,12.174626880928686,23.3319608,66.66666666666666,100.0,100.0,90.06342494714588,0.0,0.0,56.00328228316896,0.7744558340320852,0.0
1,pitch,18.615000000000002,7.179489,-0.3248749999999998,1.9206927762245687,3.7040477999999997,487.0,0.42303299999999844,5.892243863038141,7.922402628329955,12.807302,42.10526315789473,100.0,100.0,44.3859649122807,0.0,0.0,36.443051713291396,1.0253796535566555,0.0
1,pitch,19.438,-4.880000000000001,0.019894999999999996,1.7944038547009653,3.909190899999999,171.0,1.563059,32.029897540983605,11.913602167482921,20.628997449999993,16.666666666666664,100.0,100.0,16.80532445923461,0.0,0.0,54.80256915276704,0.7141760594275496,0.0
1,pitch,22.457,-23.5,0.8488530000000001,9.218368331561594,21.246101349999996,201.0,0.0,0.0,34.89278727145315,75.14431979999988,0.0,100.0,100.0,43.54304635761589,0.0,0.0,160.50681906163655,1.538976415273469,0.0
1,pitch,26.417,-23.5,1.157547,7.415166005761453,16.58626175,211.0,0.3682230000000004,1.566906382978725,24.777747253435066,50.57245025,14.285714285714285,100.0,100.0,66.39175257731958,0.0,0.0,113.97763507867134,0.28431500895326794,0.0
1,pitch,27.237000000000002,8.8,14.086469000000001,8.142118028275389,21.2673725,197.0,3.6503949999999996,41.48176136363636,35.037520887247524,68.742516,0.0,100.0,100.0,54.991243432574436,0.0,0.0,161.17259293837142,0.5502299462740503,0.0
1,pitch,31.036,-5.640000000000001,1.664169,3.261563390183368,7.4882048,112.0,4.7958929999999995,85.03356382978723,14.571171338035843,29.343583299999995,36.0,100.0,100.0,57.825370675453044,0.0,0.0,67.02738717076323,0.4346330290262101,0.0
1,pitch,31.927,2.16,0.09392600000000006,2.2355948786790116,4.9982415,232.0,0.42373800000000017,19.617500000000007,7.588144918054665,16.464598,62.5,100.0,100.0,47.16006884681583,0.0,0.0,34.90546588783359,0.40352968316669874,0.0
1,pitch,32.836,4.08,-0.33652899999999963,1.27395042655395,2.3440288999999996,356.0,0.7164129999999993,17.559142156862727,6.585888989354347,12.658219399999993,40.0,100.0,100.0,61.45648312611013,0.0,0.0,30.295088669801814,0.5482182839788543,0.0
1,pitch,33.656,1.7599999999999998,0.888457,0.6086784175298423,1.0680821000000003,212.0,0.0,0.0,7.560864581699174,14.2579071,66.66666666666666,100.0,100.0,54.347826086956516,0.0,0.0,34.779976433795156,0.6147420544862569,0.0
1,pitch,35.796,-11.52,0.15836899999999998,4.703779843125846,9.15106825,246.0,3.2308339999999998,28.045434027777777,13.827524598687809,23.895685,33.33333333333333,100.0,100.0,55.87761674718197,0.0,0.0,63.60661182106014,1.160916866816898,0.0
1,pitch,36.636,6.16,0.2945089999999997,1.7698425015279147,3.1470530999999995,206.0,0.8609369999999998,13.976249999999997,7.483386459353683,13.895471299999999,55.00000000000001,100.0,100.0,33.26848249027237,0.0,0.0,34.42357709967276,1.167995348523909,0.0
1,pitch,37.536,3.12,0.05757099999999998,0.8362813217448266,1.5552791499999998,365.0,0.385799,12.365352564102565,6.653942773665947,13.777744099999977,55.55555555555556,100.0,100.0,42.04152249134948,0.0,0.0,30.608136144878124,1.0623988485845823,0.0
1,pitch,38.406,-23.5,-0.01878499999999983,6.051306287534542,13.742005199999998,421.0,0.0,0.0,15.710672939869069,33.4951064,42.10526315789473,100.0,100.0,46.00694444444444,0.0,0.0,72.26909414597111,0.8001661493607738,0.0
1,pitch,39.326,23.5,-0.9041330000000016,8.469201413766239,21.301914599999996,169.0,3.2926469999999988,14.011263829787229,39.53553793195384,82.24013599999998,0.0,100.0,100.0,46.095238095238095,0.0,0.0,181.86347034566512,0.6044964022960632,0.0
1,pitch,40.885,12.12,-0.31944000000000017,3.8141846915725552,7.7702971000000005,236.0,0.04289699999999996,0.35393564356435614,12.071603740448607,21.415794200000004,26.31578947368421,100.0,100.0,24.268502581755595,0.0,0.0,55.52937608532727,0.7298692395046555,0.0
1,pitch,41.735,-11.280000000000001,1.1997550000000015,3.055526907225944,7.446895,183.0,2.328011,20.638395390070922,19.24069073395299,35.706855000000004,0.0,100.0,100.0,63.829787234042556,0.0,0.0,88.50717538277355,0.35166526107723584,0.0
1,pitch,43.635,-13.0,1.4708860000000001,3.10967311576167,6.170199,246.0,1.300725,10.005576923076923,9.490513362103938,18.4887383,37.03703703703704,100.0,100.0,78.01047120418848,0.0,0.0,43.656360741698684,2.280374471717434,0.0
1,pitch,44.445,11.46,1.5766869999999997,4.4654341906807185,11.681999899999997,143.0,1.861312999999999,16.241823734729483,17.861043894112026,34.74269969999999,0.0,100.0,100.0,8.360655737704919,0.0,0.0,82.16079969613581,2.1821711113997115,0.0
1,pitch,47.885,-1.3599999999999999,-0.02430600000000016,1.1661564508197444,2.07446,141.0,2.0909400000000002,153.74558823529415,9.467952330005357,20.487025000000003,42.857142857142854,100.0,100.0,59.61538461538461,0.0,0.0,43.55257963468135,1.326265421842389,0.0
1,pitch,52.334,-21.119999,1.224843,4.400376411961613,9.4031942,312.0,1.9444920000000003,9.206875435931604,12.37262580559896,24.47141359999999,65.625,99.65397923875432,100.0,65.39792387543253,0.0,0.0,56.91407770001347,3.475933026387445,0.0
1,pitch,53.324,23.24,-0.286681999999999,6.502716630652418,15.763938499999997,510.0,4.086556999999999,17.58415232358003,29.467507619321882,53.21001999999999,43.75,99.81378026070763,100.0,19.73929236499069,0.0,0.0,135.5505325233321,3.286201699779318,0.0
1,pitch,59.913000000000004,-4.073099,-1.0985150000000001,2.1161326417684228,2.9755458,201.0,1.877154,46.08662838786879,8.899001957272574,18.067208600000004,21.62162162162162,100.0,100.0,57.84148397976391,0.0,0.0,40.93540798494618,1.857456035032771,0.0
2,roll,3.91,5.250899,-0.249842,3.5730851049228356,9.3598923,127.0,2.7511849999999995,52.39455186626136,19.686409712310397,45.16703380000003,17.24137931034483,100.0,100.0,0.0,0.0,0.0,74.80835579239536,0.0,0.0
2,roll,5.0200000000000005,-1.708306,-0.703004,0.7764040437018772,1.227949,295.0,0.06872000000000011,4.022698509517622,4.842750171644808,9.0519338,29.166666666666668,100.0,100.0,0.0,0.0,0.0,18.402450516305215,0.0,0.0
2,roll,6.9,3.115073,-0.2870400000000002,1.804030044550285,2.8962496,164.0,2.8655589999999997,91.99010745494566,10.659482629692198,22.495983199999994,47.05882352941176,100.0,100.0,0.0,0.0,0.0,40.50603339868293,0.0,0.0
2,roll,7.899,8.567122000000001,0.033500000000000085,3.0119770858250634,5.7928738000000015,487.0,0.0,0.0,10.030839344104391,18.4632021,38.23529411764706,100.0,100.0,0.0,0.0,0.0,38.11718912242559,0.0,0.0
2,roll,9.079,-15.900424000000001,1.3250729999999997,3.637220981521212,6.655436000000001,370.0,5.1186659999999975,32.19200947094239,20.62908518259355,34.566725000000005,81.81818181818183,100.0,100.0,0.0,0.0,0.0,78.39052289166014,0.0,0.0
2,roll,10.979000000000001,1.059455,-0.23025700000000004,0.4318392409802872,0.730544,405.0,0.583631,55.087851772845475,3.9364593795530367,8.289701,55.55555555555556,100.0,100.0,0.0,0.0,0.0,14.958545520438099,0.0,0.0
2,roll,17.298000000000002,4.710769,1.7449080000000006,3.205185790591876,5.051477,210.0,3.2587729999999997,69.17709189306458,8.883036896219966,15.418399,21.62162162162162,100.0,100.0,0.0,0.0,0.0,33.755539691780584,0.0,0.0
2,roll,18.118000000000002,5.632626000000001,1.1884629999999996,3.4269617607705043,5.8841386,394.0,0.0,0.0,13.041511632074366,21.661075800000003,3.0303030303030303,100.0,100.0,0.0,0.0,0.0,49.55774379609316,0.0,0.0
2,roll,18.938,-6.44548,-0.7863370000000005,2.8907399813371155,4.9945530499999995,137.0,3.4366559999999993,53.31885290156822,17.85658552101382,28.4540335,27.77777777777778,100.0,100.0,0.0,0.0,0.0,67.85502414914042,0.0,0.0
2,roll,21.198,5.955812,-1.7929270000000006,2.7728587426345195,4.9161318499999735,207.0,3.6873260000000005,61.91139008417325,15.969493126062288,26.55994535,10.0,100.0,100.0,0.0,0.0,0.0,60.68407324409002,0.0,0.0
2,roll,22.018,9.257938000000001,3.770464,5.9789710365699555,8.503470100000001,137.0,8.617628999999999,93.08367586821167,23.309012119040045,39.7221379,12.903225806451612,100.0,100.0,0.0,0.0,0.0,88.57424465993661,0.0,0.0
2,roll,24.517,2.309447,-1.3759899999999998,1.2300709951742188,1.950819,443.0,0.0,0.0,5.764068996818145,12.255213000000001,41.66666666666667,100.0,100.0,0.0,0.0,0.0,21.9034620299739,0.0,0.0
2,roll,25.337,2.220485,1.3878469999999998,2.5475096700871855,4.638212800000001,212.0,2.9225239999999992,131.61647117634206,8.4500372269182,15.773225549999992,48.57142857142857,100.0,100.0,0.0,0.0,0.0,32.11014115616312,0.0,0.0
2,roll,26.197,-5.318798,-2.034549,2.2029670646617703,3.5296175000000005,301.0,2.9848229999999996,56.118374865900144,11.029091536829638,18.345632199999994,63.1578947368421,100.0,100.0,0.0,0.0,0.0,41.91054718146563,0.0,0.0
2,roll,30.697,6.459506000000001,2.002395,3.185921017860069,5.483368399999975,331.0,1.7304249999999985,26.78881326219061,6.381816646894527,10.479616799999999,80.0,100.0,100.0,0.0,0.0,0.0,24.250902864948912,0.0,0.0
2,roll,31.517,-5.904281,-4.271989,3.199568516675706,6.271535949999999,157.0,3.588179000000001,60.77249710845404,16.286695318683037,28.044003199999995,74.35897435897436,100.0,100.0,0.0,0.0,0.0,61.88944122314065,0.0,0.0
2,roll,33.007,-3.6618769999999996,0.5466659999999999,1.2864913519234566,3.2373316,164.0,0.2382150000000003,6.505270384559621,7.233780870496229,15.9471098,11.11111111111111,100.0,100.0,0.0,0.0,0.0,27.488366826468212,0.0,0.0
2,roll,35.207,1.866891,-0.9285850000000001,5.583370729918594,10.743929,51.0,10.573994999999998,566.3959492011048,24.558413590501907,52.021300099999976,15.625,100.0,100.0,0.0,0.0,0.0,93.32197037426889,0.0,0.0
2,roll,36.796,13.838593,-0.36616099999999996,3.5480100697286376,5.789707599999999,404.0,0.0,0.0,7.442598528253106,14.202025199999996,0.0,100.0,100.0,0.0,0.0,0.0,28.281874014352443,0.0,0.0
2,roll,37.636,-2.2302219999999995,0.7299600000000002,3.729006784438188,6.710173,111.0,4.760843000000001,213.46946626838056,20.705403456719665,38.75646759999999,0.0,100.0,100.0,0.0,0.0,0.0,78.68053208177705,0.0,0.0
2,roll,38.536,-5.128435,2.222028,1.8025173231048175,2.8659977999999997,87.0,6.141616000000001,119.75614393084834,18.519770995761533,27.903494499999994,5.263157894736842,100.0,100.0,0.0,0.0,0.0,70.37512879541875,0.0,0.0
2,roll,39.356,-3.8796555,-1.5818904999999999,4.808924503617794,7.629032849999999,91.0,8.842988,227.93229965908054,19.185671403467936,32.9796735,21.951219512195124,100.0,100.0,0.0,0.0,0.0,72.90555043201282,0.0,0.0
2,roll,41.976,2.6823430000000004,1.775598,3.11775963576305,5.285758549999999,280.0,0.20507600000000004,7.645405527928382,14.93751169188697,26.210236799999983,37.142857142857146,100.0,100.0,0.0,0.0,0.0,56.76254352754493,0.0,0.0
2,roll,43.935,2.987643500000001,0.29211799999999943,3.213607928038854,5.429001700000001,282.0,1.9455504999999995,65.11990135369226,9.033082250044599,16.052771649999997,53.84615384615385,100.0,100.0,0.0,0.0,0.0,34.32571207139618,0.0,0.0
2,roll,51.015,-4.350336,1.1541709999999998,1.1055912475121834,2.1375936499999995,512.0,1.1052229999999996,25.405462934357242,7.480241967719598,13.53632205,11.428571428571429,100.0,100.0,0.0,0.0,0.0,28.42491896017806,0.0,0.0
2,roll,52.974000000000004,2.881105,-0.31175399999999986,1.537044443693025,2.285094,181.0,1.2178330000000006,42.26965001275554,6.81576343400445,13.087397,5.88235294117647,100.0,100.0,0.0,0.0,0.0,25.899900693349284,0.0,0.0
2,roll,54.664,-1.5891170000000001,-2.317704,1.6245884585467605,2.8182656,207.0,1.4241300000000001,89.61769334794103,7.85314430431716,13.633698999999991,8.0,100.0,100.0,0.0,0.0,0.0,29.841947832441363,0.0,0.0
2,roll,55.474000000000004,2.774571,2.46487,2.2043925461452383,3.51027805,531.0,0.33965500000000004,12.241712322373443,7.208605532862005,12.195425849999998,3.4482758620689653,100.0,100.0,0.0,0.0,0.0,27.392700949951948,0.0,0.0
2,roll,57.201,10.778482,-0.5504730000000001,2.9753869613794772,5.150712550000001,380.0,0.4861140000000006,4.510041395439549,9.145656059636236,17.5354742,5.128205128205128,100.0,100.0,0.0,0.0,0.0,34.75349274585553,0.0,0.0
2,roll,58.394,-10.755162,-0.19615399999999994,5.559640080865144,9.186203,251.0,5.155671,47.936711692487755,21.89138818322523,42.988099,23.684210526315788,100.0,100.0,0.0,0.0,0.0,83.18727424586238,0.0,0.0
2,pitch,3.92,-3.023516,0.6883089999999998,1.2530971390338441,2.9870038,97.0,1.2999869999999998,42.995869709305325,9.879601696425897,18.302874700000007,12.5,100.0,100.0,76.52329749103941,0.0,0.0,45.44616681414229,1.791714449533437,0.0
2,pitch,6.602,-15.205462,0.2901,3.8524609875215363,6.757886,239.0,1.4338789999999975,9.43002586833598,9.782397879286185,18.362907050000004,57.14285714285714,99.0791896869245,100.0,59.11602209944752,0.0,0.0,44.999029045293156,2.8757128939786867,0.0
2,pitch,7.4990000000000006,6.180469,-1.1528580000000002,1.1640015077298258,2.2141908,235.0,3.542323999999999,57.31480895705485,16.17959655482702,26.38269459999999,74.28571428571429,100.0,100.0,1.2280701754385965,0.0,0.0,74.42614277845222,2.333484652349307,0.0
2,pitch,9.299,5.995245,-0.399217,2.799660939581776,3.942832399999999,241.0,3.5513450000000004,59.23602788543255,8.160693090619707,16.194295999999998,74.35897435897436,100.0,100.0,39.86135181975737,0.0,0.0,37.539187430786775,0.9122314184015936,0.0
2,pitch,17.158,-4.986243,-0.241377,2.512029336680744,4.057271999999999,271.0,1.9325869999999998,38.75837980619877,8.547058345932049,15.792983399999995,13.513513513513514,100.0,100.0,49.0787269681742,0.0,0.0,39.31646748376622,0.826336329548845,0.0
2,pitch,18.038,-4.659991,-0.18567299999999998,2.8312867785334346,5.49524265,375.0,1.7254519999999989,37.02693846404422,9.994404566740277,19.71207955,5.263157894736842,100.0,100.0,27.712854757929883,0.0,0.0,45.97426032692364,0.606714059003574,0.0
2,pitch,18.858,7.752632999999999,1.0002419999999996,2.244841179378157,4.0030853,222.0,2.023487000000001,26.100642194722766,10.224165777740252,20.439460300000004,21.875,100.0,100.0,18.940609951845907,0.0,0.0,47.03116149704922,0.31846931705007003,0.0
2,pitch,23.978,-5.675788,0.015646999999999966,1.5988284317411718,3.1736560000000003,260.0,0.0,0.0,6.875366439034513,12.6674215,30.303030303030305,100.0,100.0,47.41379310344828,0.0,0.0,31.626684703723754,1.2558773297625323,0.0
2,pitch,24.877,1.9013999999999998,-0.3350419999999996,0.862516155442839,1.2879150999999998,332.0,1.5881700000000003,83.52634900599561,9.775735820823334,18.384784500000002,62.96296296296296,100.0,100.0,13.969335604770016,0.0,0.0,44.96838393410343,0.9293668289292064,0.0
2,pitch,25.837,7.474366,-1.6106159999999998,1.7466950335390046,3.3319492,343.0,5.3995169999999995,72.24046828854782,10.924159688776564,19.698052399999998,61.76470588235294,100.0,100.0,25.665399239543724,0.0,0.0,50.25113373456248,0.22905386920543017,0.0
2,pitch,26.777,-10.010041,-0.4340460000000004,2.5116497641681197,4.0048475,382.0,0.5764340000000008,5.7585578320808155,8.612765674412216,17.9875215,72.97297297297297,100.0,100.0,54.483925549915405,0.0,0.0,39.61872136746202,0.23511703226781874,0.0
2,pitch,30.617,-4.6909659999999995,-1.5129270000000004,2.650693798514338,3.4711660000000006,321.0,1.026739000000001,21.887581363838514,8.113765524889354,16.2639303,67.5,100.0,100.0,68.26446280991736,0.0,0.0,37.32332057373716,0.6216430220411652,0.0
2,pitch,31.437,9.5638455,1.6176289999999995,2.979501124298531,4.772373999999998,310.0,4.525790499999999,47.32186963915299,11.284667517438498,22.95480585,63.1578947368421,100.0,100.0,72.57799671592775,0.0,0.0,51.90946937824885,1.017655644565689,0.0
2,pitch,32.257,-4.5269960000000005,-1.9587069999999995,1.8525230092565543,3.124388599999999,262.0,1.532642,33.85560755962674,9.07631207376056,16.972139799999997,54.83870967741935,100.0,100.0,24.459234608985025,0.0,0.0,41.75103456957067,1.0584826908451843,0.0
2,pitch,35.216,-1.0472199999999998,1.1034540000000002,2.3367419487278704,4.826682,0.0,4.776347000000001,456.0977636026816,12.623163729524025,25.9992304,7.6923076923076925,100.0,100.0,66.47727272727273,0.0,0.0,58.066551909367334,0.7064520114168085,0.0
2,pitch,36.856,-12.12732,0.886255,3.6557711733553333,5.1107035,341.0,2.106783,17.372205895449284,6.851914086400051,13.390616099999999,4.878048780487805,100.0,100.0,63.556338028169016,0.0,0.0,31.51880400505304,1.107707448160727,0.0
2,pitch,37.676,11.359759,3.0975860000000006,4.454841831744452,7.5978112,280.0,1.914508999999999,16.85342972504961,8.54420128442067,17.5176308,3.3333333333333335,100.0,100.0,41.90871369294606,0.0,0.0,39.30332504083905,1.0712512499365097,0.0
2,pitch,38.617,-3.25774,1.249923,0.479939975252877,0.7987396499999996,299.0,1.3849219999999995,42.51174126848673,6.314245571701577,11.509976449999998,0.0,100.0,100.0,68.9407540394973,0.0,0.0,29.04552903407491,0.9720913872056282,0.0
2,pitch,39.776,3.000811,0.204563,1.244894802661369,2.0875626,421.0,0.17660199999999993,5.8851423831757455,7.116748640456664,13.895756200000001,3.3333333333333335,100.0,100.0,73.23232323232324,0.0,0.0,32.73704289598401,1.4635620069080195,0.0
2,pitch,41.936,-6.077234,0.743538,2.605921225182712,4.5667352999999995,285.0,1.1893279999999997,19.570218951582245,8.62327038889381,18.3242245,42.10526315789473,100.0,100.0,39.154411764705884,0.0,0.0,39.667042696190485,1.5800760897064692,0.0
2,pitch,42.855000000000004,-1.4577000000000004,-0.6898789999999999,1.0856215075236644,2.2130693999999993,172.0,0.27283100000000005,18.716539754407627,8.151387089281219,14.838085249999999,50.0,100.0,100.0,35.44520547945205,0.0,0.0,37.496379639534055,1.3757504455434466,0.0
2,pitch,44.015,6.080220000000001,-1.217666,1.0217350631078224,1.83928125,322.0,1.3509239999999991,22.218340783721626,7.674067759365592,13.610476049999994,42.857142857142854,100.0,100.0,32.38434163701068,0.0,0.0,35.300710986536394,1.0535780847510015,0.0
2,pitch,49.575,-17.359943,0.37437299999999984,4.451945425797162,7.484140049999999,352.0,0.0,0.0,7.618450010481535,13.938108549999999,56.00000000000001,100.0,100.0,42.759795570698465,0.0,0.0,35.04486928161026,1.9013159212803226,0.0
2,pitch,51.174,20.670313,-3.1098690000000015,3.7595357757455403,6.2637599999999996,432.0,7.900770999999999,38.22279323975403,18.31089580097289,31.43999075,15.789473684210526,100.0,100.0,33.81294964028777,0.0,0.0,84.23011870997405,0.39394013961614294,0.0
2,pitch,51.994,-13.966517,-1.2332850000000004,4.03695945953479,6.126667599999999,374.0,0.9557479999999998,6.843137770139827,10.235877055322925,22.894217199999964,25.0,100.0,100.0,58.74363327674024,0.0,0.0,47.08503355397205,0.7892278243314791,0.0
2,pitch,53.854,13.835163,0.5294749999999999,4.104855961951254,7.017109700000001,321.0,0.0,0.0,9.61998460247341,18.931662099999986,5.88235294117647,100.0,100.0,22.452504317789295,0.0,0.0,44.25192812994134,0.5858411169303225,0.0
2,pitch,54.674,-24.015642,1.6170869999999997,6.3479360276859165,8.974812799999999,292.0,6.585628,27.422244218996934,23.277888342012314,40.46303499999999,7.5,100.0,100.0,63.114754098360656,0.0,0.0,107.07828377675857,0.38728723936836035,0.0
2,pitch,55.494,3.597392,6.644280999999999,3.360170707343218,8.1530544,217.0,0.8295760000000003,23.06048381716533,7.012050637727389,12.473659299999998,18.75,100.0,100.0,54.409317803660564,0.0,0.0,32.25543221188046,0.7660625512120088,0.0
2,pitch,56.814,-15.484456499999999,-0.941081,4.220620246555289,7.669208650000001,300.0,0.0,0.0,8.39549251623539,16.017478450000006,16.666666666666664,100.0,100.0,35.33697632058288,0.0,0.0,38.619264609037714,0.7551096591348406,0.0
2,pitch,57.654,18.307417,0.20871399999999873,3.860353798130326,6.031980700000001,452.0,7.095276999999999,38.756297515919364,11.798103930772808,21.09827825000001,7.5,100.0,100.0,31.442463533225286,0.0,0.0,54.271276749084784,0.2936296612320281,0.0
3,roll,2.31,4.647206000000001,0.14916799999999997,5.598240662686593,13.5378131,105.0,8.567729,184.3630129587541,28.92469046858627,76.60203534999998,24.324324324324326,100.0,100.0,39.682539682539684,0.0,0.0,118.59122752588998,0.10888787559382987,0.0
3,roll,6.559,-2.646769,-0.4173990000000001,1.7186434004967943,3.1604416,254.0,0.0,0.0,9.863889844177008,18.6247576,3.0303030303030303,100.0,100.0,71.0820895522388,0.0,0.0,40.441947520365574,0.22989836930888058,0.0
3,roll,10.299,3.4486039999999996,1.9785709999999999,1.700258237351776,2.8305365,424.0,0.8529080000000002,24.73197850492548,6.164033293276753,11.781450400000002,54.83870967741935,100.0,100.0,58.72727272727273,0.0,0.0,25.27253602157366,0.1395585431560499,0.0
3,roll,11.118,9.467504,0.336881,2.511812986668283,4.7359305,444.0,0.16042000000000023,1.69442759147501,7.916178954129387,14.764243899999999,52.38095238095239,100.0,100.0,47.90419161676647,0.0,0.0,32.456332955870636,0.14480861850704596,0.0
3,roll,12.058,1.7760130000000007,-0.7569050000000015,2.943420519597078,5.527575700000001,,0.0,0.0,13.944354185453964,24.22369175,47.61904761904761,100.0,100.0,97.3109243697479,0.0,0.0,57.17185076885781,0.37599024829840566,0.0
3,roll,12.878,-11.123937,1.4618179999999992,3.5046121785848534,6.3361836,192.0,11.481691,103.21607358977313,26.038568947927804,50.4331022,43.24324324324324,100.0,100.0,81.50572831423895,0.0,0.0,106.75813014614134,0.8216845536112787,0.0
3,roll,13.698,6.109599,4.233961000000001,5.086572472130803,10.214183,220.0,1.6851510000000003,27.58202297728542,18.33035680083421,41.478408499999986,51.515151515151516,100.0,100.0,71.72284644194757,0.0,0.0,75.15446092230917,1.4158389450687336,0.0
3,roll,14.618,-14.408384,0.667169,3.7393229751087795,6.6734076,293.0,0.7114239999999992,4.93756968165201,7.87048211215113,15.113358499999997,66.66666666666666,100.0,100.0,50.83333333333333,0.0,0.0,32.2689758968163,1.5694220527328302,0.0
3,roll,16.458000000000002,4.619479999999999,2.506908,4.193044254289834,6.575459999999998,81.0,4.896791000000002,106.00307826854977,23.619498219186543,42.207706949999995,81.81818181818183,100.0,100.0,48.28150572831424,0.0,0.0,96.83994050477183,0.30080990805277036,0.0
3,roll,17.918,8.307172,0.33103499999999997,2.9023743533168327,5.710973799999999,266.0,0.0,0.0,11.037322486746005,21.986245,34.375,100.0,100.0,58.262350936967636,0.0,0.0,45.25302123051183,0.07660648849203573,0.0
3,roll,19.218,-2.258552000000001,0.835934,2.375032568466728,5.3703431,111.0,1.6842369999999995,74.57153964132766,12.218346364735895,21.455593650000004,27.027027027027028,100.0,100.0,90.9688013136289,0.0,0.0,50.09521913909457,0.5409150518290915,0.0
3,roll,20.037,-5.652164,3.204753,2.523936501739167,4.508576,231.0,4.029224,71.28639579460186,15.703322992225837,28.299181,8.108108108108109,100.0,100.0,67.94871794871796,0.0,0.0,64.3836228005847,1.0292339617666866,0.0
3,roll,21.808,-3.3715580000000003,-0.09301400000000004,2.340891874639071,4.89459435,582.0,4.551105999999999,134.98525014251567,9.9990205825783,21.18365645,0.0,100.0,100.0,47.37762237762238,0.0,0.0,40.99598337605167,1.7693889470127715,0.0
3,roll,22.828,7.72,-0.7279599999999995,2.8905076433982217,5.1914104499999985,312.0,8.738228,113.18948186528496,9.241004319220679,14.826871700000002,2.941176470588235,100.0,100.0,35.50488599348534,0.0,0.0,37.8881167357427,1.6765388575468116,0.0
3,roll,23.637,8.600000000000001,2.5092209999999984,2.6143223936941236,5.591425199999999,187.0,0.7940429999999985,9.233058139534865,10.997683188911047,19.490766799999996,25.0,100.0,100.0,53.96825396825397,0.0,0.0,45.09050022199052,1.5048925177894834,0.0
3,roll,24.527,-21.24,1.5031110000000005,6.770489515606827,16.206853999999996,212.0,3.0171980000000005,14.205263653483998,34.31794380116437,60.094880999999994,18.181818181818183,100.0,100.0,81.57453936348409,0.0,0.0,140.70356617514716,1.9174786251470881,0.0
3,roll,25.367,-17.959999,2.1616340000000003,4.768363666787013,7.84079925,274.0,0.9350430000000003,5.206253073844827,18.946548997197763,35.12221514999996,25.0,99.83498349834984,100.0,74.42244224422441,0.0,0.0,77.68084901131813,2.57959088829243,0.0
3,roll,26.827,18.480001,-4.050606,3.9772257453744335,8.18166,211.0,3.083123999999998,16.683570525780805,22.932946769825364,43.98305500000001,28.125,100.0,100.0,40.67524115755627,0.0,0.0,94.02507993537976,1.4235025720050491,0.0
3,roll,27.677,-6.760001000000001,1.6757810000000006,2.951874694985966,6.2042397,567.0,6.3329,93.68193880444693,23.05304420916741,43.537229849999996,23.52941176470588,100.0,100.0,88.64027538726333,0.0,0.0,94.51747863980013,1.5950378276454826,0.0
3,roll,28.647000000000002,-11.159999000000001,2.7171850000000006,2.919020183097767,6.915290599999998,201.0,1.9469750000000001,17.446014108065782,18.81181043871663,32.85439019999998,20.0,99.83498349834984,100.0,82.67326732673267,0.0,0.0,77.1284211053546,2.4552685924788795,0.0
3,roll,29.667,-1.64,1.8979480000000002,8.123859430532507,16.645761599999997,0.0,17.902440000000002,1091.6121951219513,35.82098848350686,66.07805939999999,18.181818181818183,100.0,100.0,42.786885245901644,0.0,0.0,146.86604970885875,3.235074240191384,0.0
3,roll,30.767,21.12,-2.300325,5.963971205938406,12.9250533,241.0,1.8789160000000003,8.896382575757578,23.831549387311572,51.06272400000001,47.82608695652174,99.81981981981983,100.0,54.95495495495496,0.0,0.0,97.70934991880888,2.727033159611685,0.0
3,roll,31.587,3.84,-0.5467580000000005,7.668350400384589,17.49425075,510.0,0.0,0.0,35.599743350020745,86.6526512,13.636363636363635,99.3388429752066,100.0,58.01652892561984,0.0,0.0,145.95894448465293,2.9481290922825725,0.0
3,roll,34.146,18.88,-1.1751380000000005,8.389420805808363,18.952315000000002,166.0,5.046967000000002,26.731816737288145,45.45038908511294,103.84522000000001,16.666666666666664,100.0,100.0,20.98138747884941,0.0,0.0,186.34659110032229,3.923137900774515,0.0
3,roll,35.066,-21.24,0.8703800000000008,12.203428882734451,22.447979699999998,196.0,14.371505000000003,67.66245291902072,71.6238657195235,144.62067115,7.142857142857142,99.67320261437908,100.0,51.470588235294116,0.0,0.0,293.6578425995772,3.3341245123148826,0.0
3,roll,37.006,-21.12,0.23413100000000142,7.986860606924288,20.504824599999996,207.0,0.39888499999999993,1.8886600378787874,36.932555144122645,80.02735479999991,16.666666666666664,98.22380106571936,100.0,47.42451154529307,0.0,0.0,151.4234728335678,3.042980248705104,0.0
3,roll,37.866,21.24,-1.040135,9.849514922269442,20.821540950000003,231.0,0.8676470000000016,4.084967043314509,43.79713151921871,90.98038415,5.88235294117647,99.65397923875432,100.0,42.733564013840834,0.0,0.0,179.56823431599173,2.9799408272046173,0.0
3,roll,39.235,18.879998999999998,1.8619860000000001,10.81045449539476,21.122064299999998,216.0,1.752041000000002,9.279878669485111,54.431725547898694,117.58938675,7.6923076923076925,100.0,100.0,64.7766323024055,0.0,0.0,223.17006924969814,3.636439259732396,0.0
3,roll,44.315,-5.48,-0.7736850000000004,11.13037638146016,21.2152648,86.0,17.205817,313.9747627737226,55.58716282018559,109.93014449999998,6.666666666666667,99.48364888123923,100.0,55.07745266781411,0.0,0.0,227.90736175599173,3.139797878231917,0.0
3,roll,45.191,-21.24,-0.8866629999999986,11.414495759973489,21.644508199999994,145.0,1.8343620000000023,8.6363559322034,60.42253383691698,125.5319544,28.57142857142857,99.66386554621849,100.0,69.41176470588235,0.0,0.0,247.73238324043837,3.368434866774183,0.0
3,pitch,1.57,-1.8800000000000001,0.48301299999999997,2.7101066672138168,9.962746300000001,189.0,0.7774719999999997,41.35489361702126,15.421022200990851,43.46783419999999,21.052631578947366,100.0,100.0,60.0739371534196,0.0,0.0,75.56301125382087,0.958725539194041,0.0
3,pitch,2.44,-6.834854,5.245053,1.9226064159372365,2.8348748999999995,0.0,1.8493600000000008,27.05778353129417,10.358834907201473,20.99507864999999,14.285714285714285,100.0,100.0,44.4043321299639,0.0,0.0,50.75829187125932,1.0155629398536066,0.0
3,pitch,9.819,1.2461190000000002,-0.1381190000000001,1.0117516749224615,1.7035077999999997,514.0,0.318346,25.54699832038513,5.634493308512131,11.805798999999995,19.230769230769234,100.0,100.0,62.38859180035651,0.0,0.0,27.609017864166372,1.021108855744543,0.0
3,pitch,10.879,-9.207482,0.744796,2.750348078990164,5.09671975,375.0,1.6059900000000003,17.442227961998732,7.341185360735274,14.3952715,55.26315789473685,100.0,100.0,47.97047970479705,0.0,0.0,35.97180876533562,1.2716864045130758,0.0
3,pitch,12.118,-2.08612,-1.222283,1.7209839409571543,3.6245700499999995,292.0,1.069311,51.25836481122849,6.922186988842346,13.794640849999997,44.73684210526316,100.0,100.0,27.986348122866893,0.0,0.0,33.918716901627015,0.8359564502993729,0.0
3,pitch,13.038,7.25082,-0.905223,3.690295980506152,6.5534582,535.0,4.840965,66.7643797529107,12.576290648233414,25.6372567,64.1025641025641,100.0,100.0,23.770491803278688,0.0,0.0,61.62382514906329,0.4616740593184923,0.0
3,pitch,13.858,-7.7188,-0.9326930000000004,1.9585517336170937,3.0732393500000006,361.0,1.0128380000000003,13.121702855366125,7.841511529785998,15.3244723,76.66666666666667,100.0,100.0,53.510436432637576,0.0,0.0,38.42340714066949,0.13325803919988136,0.0
3,pitch,18.038,-3.0139699999999996,0.5772419999999998,0.6258592296061474,1.2932225000000002,161.0,0.7744390000000001,25.69498037472172,6.9882745841573435,13.561299650000004,34.61538461538461,100.0,100.0,70.62043795620438,0.0,0.0,34.242546329218875,0.8851846363864269,0.0
3,pitch,20.337,1.979078,-0.12262600000000001,1.520039768769619,2.373652,142.0,0.8648910000000001,43.70171362624415,7.5665702360777995,14.44781,9.090909090909092,100.0,100.0,64.93506493506493,0.0,0.0,37.076194855978656,0.7490811394759218,0.0
3,pitch,22.308,-6.84,0.04161500000000018,2.1623892419740485,3.47917965,261.0,3.066047000000001,44.825248538011714,8.197159536967131,16.230782199999997,0.0,100.0,100.0,47.59450171821305,0.0,0.0,40.166082575222184,0.8793114958029586,0.0
3,pitch,23.147000000000002,-1.6799999999999997,-1.740538,1.1469045809305793,2.271409600000001,142.0,0.0,0.0,9.327263202135141,16.908960300000004,17.647058823529413,100.0,100.0,28.942486085343226,0.0,0.0,45.703590988191515,0.8690325935684413,0.0
3,pitch,24.067,4.6,-0.45078700000000005,1.2803425745649883,2.28051325,161.0,2.554482,55.53221739130436,11.549969684166376,20.5114755,10.526315789473683,100.0,100.0,52.836304700162074,0.0,0.0,56.59485267886856,0.19941264049944293,0.0
3,pitch,25.427,6.84,-0.2505639999999998,3.195402238177513,6.421273199999998,361.0,1.0211609999999993,14.929254385964903,10.61986978305054,21.08578899999999,10.714285714285714,100.0,100.0,22.749590834697216,0.0,0.0,52.03736296645032,0.43843391339071847,0.0
3,pitch,27.787,-19.56,1.501932,4.83824164942047,8.9869234,391.0,2.707557999999999,13.84232106339468,10.765193748552244,19.682093000000002,18.75,100.0,100.0,77.68166089965398,0.0,0.0,52.74945043273679,2.13521139989147,0.0
3,pitch,28.667,19.719999,0.37057699999999727,5.781954091675601,13.40561525,236.0,3.0491230000000016,15.462084962580382,24.33082165541095,46.33879125000001,7.6923076923076925,100.0,100.0,24.09240924092409,0.0,0.0,119.2210283580373,1.8170207123286515,0.0
3,pitch,30.836000000000002,-13.48,2.071628,2.4860036211919554,4.0285775999999975,232.0,2.512466,18.63847181008902,16.15373453307301,31.908777799999996,47.05882352941176,100.0,100.0,88.56088560885608,0.0,0.0,79.15330055183615,1.5819547769313742,0.0
3,pitch,31.646,-7.359999,1.7818120000000004,6.070195999339704,11.8227213,270.0,2.266608999999999,30.796322119065493,19.094903216677995,32.87152209999999,27.27272727272727,100.0,100.0,53.80875202593193,0.0,0.0,93.5650275694677,1.9470038245641617,0.0
3,pitch,33.396,23.5,-4.307883,8.630509221608124,16.105134199999995,132.0,14.904527999999999,63.42352340425532,39.61234871901563,80.74661199999998,15.384615384615385,100.0,100.0,61.67763157894737,0.0,0.0,194.10051266859762,0.2111882358334763,0.0
3,pitch,35.706,-16.5,6.005610000000001,11.089176650032126,19.2445885,145.0,22.412683,135.83444242424244,56.2326280308591,105.51988069999999,15.789473684210526,100.0,100.0,58.620689655172406,0.0,0.0,275.53988229235205,1.0457148993681484,0.0
3,pitch,37.866,-23.5,0.42659100000000016,10.58794919991373,22.35395995,203.0,0.0,0.0,44.52717292470059,93.00789820000008,14.285714285714285,100.0,100.0,50.43630017452006,0.0,0.0,218.18315061152487,1.3982738095423173,0.0
3,pitch,39.226,-23.5,-0.10994599999999988,10.998383195617878,23.0724052,181.0,0.0,0.0,51.9550890938596,120.9440548,9.090909090909092,100.0,100.0,32.29166666666667,0.0,0.0,254.57994147282682,1.03256031473945,0.0
3,pitch,43.505,-40.0,0.7999019999999994,8.883025346955712,18.790765200000003,477.0,1.3917009999999976,3.479252499999994,42.934544499928414,85.17684315000001,0.0,100.0,100.0,75.7527733755943,0.0,0.0,210.37927258793326,1.08380011411339,0.0
3,pitch,44.315,16.66,1.244530000000001,11.880188127499345,23.458779699999997,121.0,7.910807000000002,47.483835534213696,52.09939214865456,109.0998523,9.090909090909092,100.0,100.0,33.161512027491405,0.0,0.0,255.28702672254698,1.5431813178702418,0.0
3,pitch,45.145,23.5,-1.2410029999999992,10.945918088944033,22.9012584,163.0,0.8520089999999989,3.6255702127659526,48.48528836011162,106.740578,9.090909090909092,100.0,100.0,28.279386712095402,0.0,0.0,237.5779181874249,1.0122614330384254,0.0
3,pitch,46.065,23.5,-1.8086969999999987,9.407096484788092,18.5839556,173.0,15.313794999999999,65.16508510638297,43.99836974616465,95.88698179999996,20.0,100.0,100.0,36.03305785123967,0.0,0.0,215.59201612269197,0.6469870355012891,0.0
3,pitch,46.874,-16.5,1.1509339999999995,5.496303226423758,14.1550468,141.0,2.1537539999999993,13.053054545454541,28.72195254811252,61.69038314999994,20.0,100.0,100.0,89.50086058519794,0.0,0.0,140.73757078079916,1.0364174744436903,0.0
3,pitch,47.685,-18.359999000000002,2.151778,10.996464182175513,22.691882399999994,121.0,6.787396999999999,36.96839525971651,52.719489652053426,107.57762419999995,0.0,100.0,100.0,67.10310965630114,0.0,0.0,258.32550473991364,2.128246134064777,0.0
3,pitch,49.905,-32.139999,0.27105900000000105,8.312017398726011,16.08228875,534.0,8.081553,25.144845212969663,48.314836379177315,84.18268324999998,0.0,100.0,100.0,78.64693446088795,0.0,0.0,236.74270355748612,1.8127012060213596,0.0
3,pitch,50.714,14.399999000000001,2.9507499999999993,10.749630083177196,22.169857,103.0,6.045866,41.985183471193295,42.85254302845655,99.04077599999995,9.090909090909092,100.0,100.0,36.48881239242685,0.0,0.0,209.9774647221018,2.316897572410504,0.0
3,pitch,51.524,23.5,-0.9286840000000005,7.747326400582914,19.262145,155.0,0.4381820000000012,1.864604255319154,36.85393538783308,85.09236099999998,54.54545454545454,100.0,100.0,39.02439024390244,0.0,0.0,180.58428629297805,2.190075990792969,0.0
4,roll,3.839,-2.16,-0.380212,1.5253253567751295,2.3577947999999997,583.0,0.0,0.0,8.567435045711875,15.61674099999999,14.285714285714285,100.0,100.0,95.72446555819477,61.39240506329114,36.711711711711715,34.269740358389406,0.7354233675395422,0.673181084938916
4,roll,4.799,4.0600000000000005,-0.913014,1.4836107944043337,2.74267015,201.0,1.9673479999999994,48.456847290640376,9.1193654733122,21.707411449999995,0.0,99.81308411214953,100.0,76.44859813084112,55.86034912718204,32.789855072463766,36.47746185087609,1.1916135400409282,0.8621909351350303
4,roll,5.609,-3.7199999999999998,-1.2926540000000002,1.6003523325263738,2.6118509499999996,383.0,0.0,0.0,6.231732367692128,11.7969327,22.22222222222222,100.0,100.0,91.45454545454545,56.04938271604938,34.6551724137931,24.9269294271648,1.51922863948679,0.7980601150267506
4,roll,6.519,6.96,-0.5465260000000001,2.39971306642004,3.9649197500000004,271.0,5.5667550000000015,79.98211206896555,7.3231052770729566,12.99513675,14.285714285714285,100.0,100.0,76.0,64.26116838487972,38.60103626943005,29.29242122618714,1.7783680338224055,0.6237421691599898
4,roll,7.329,6.5600000000000005,1.7442779999999996,2.3225964259486713,4.1257176499999995,230.0,0.0,0.0,8.150019510583272,14.809828199999991,10.0,100.0,100.0,27.663551401869157,57.537688442211056,37.01067615658363,32.60007795286031,1.7637107320209091,0.5034427562707707
4,roll,8.149000000000001,-21.24,1.7714940000000006,7.010523430002962,16.965482099999996,225.0,4.264699,20.07862052730697,33.50933706196212,67.29883569999998,10.0,100.0,100.0,21.811460258780038,65.66820276497695,47.7859778597786,134.03734845128412,1.0546493115290982,0.720580171480581
4,roll,9.999,-16.679998,0.47872099999999995,5.282678736756333,9.61120345,273.0,1.4473079999999996,8.676907515216726,16.611515445134835,31.922913049999966,19.35483870967742,100.0,100.0,34.44055944055944,64.26858513189448,42.09621993127148,66.44606182830859,0.26902983498919675,0.633071233107203
4,roll,10.829,16.48,-1.7786020000000011,4.805962113712462,8.49815045,201.0,5.947486000000001,36.08911407766991,30.501618884603403,46.1133516,26.08695652173913,100.0,100.0,87.10865561694291,65.68627450980392,42.095588235294116,122.00647542660069,0.5747462108930954,0.8507040810904002
4,roll,12.309000000000001,6.84,-2.21338,2.7076697438376938,4.72134025,563.0,6.395695,93.50431286549707,16.68282706063748,30.6066035,58.06451612903226,99.06542056074767,100.0,71.58878504672897,63.35078534031413,46.043165467625904,66.7313082185975,2.214818297501501,0.8403324812844111
4,roll,13.209,2.16,-2.1130840000000006,1.246736667404158,1.686128949999999,0.0,0.8068050000000007,37.35208333333336,10.10661677428453,15.362811749999999,14.285714285714285,99.581589958159,100.0,75.10460251046025,58.543417366946784,34.50413223140496,40.42646712970957,2.831027414315913,0.976211500707087
4,roll,14.053,1.4000010000000014,1.4073519999999995,4.609221569925254,11.1318904,162.0,0.6733049999999992,48.0931799334428,21.63959577382249,62.41259844999999,48.0,99.40711462450594,100.0,16.007905138339922,64.90765171503958,32.758620689655174,86.55838272976223,2.6935312551393764,1.012690410285678
4,roll,15.728,5.28,1.601942,10.25782204959203,20.004654,146.0,15.120705999999998,286.37700757575755,39.81412754256878,88.170143,26.08695652173913,100.0,100.0,45.45454545454545,73.99193548387096,60.218408736349446,159.25651001373612,0.8710484054883474,0.8939280172041254
4,roll,18.008,10.48,0.4673830000000001,10.62839705173445,19.8910481,165.0,10.509480999999997,100.28130725190837,42.189393376494415,87.39628784999996,17.391304347826086,100.0,100.0,42.30769230769231,67.97642436149313,60.63492063492063,168.75757349580473,0.1996957393086944,0.8286975889479187
4,roll,19.188,2.3200000000000003,0.5612109999999999,4.005065261289878,7.8811843999999995,611.0,1.9351659999999997,83.41232758620689,15.431971952649764,30.572580600000002,46.875,100.0,100.0,49.09090909090909,63.01969365426696,43.11183144246353,61.72788813570362,0.41635054662191173,0.6119490161384672
4,roll,20.028,-3.44,0.5122930000000001,4.339760675045314,8.710004999999999,641.0,0.4431910000000001,12.883459302325585,15.785917282644943,32.3232,37.03703703703704,100.0,100.0,31.62393162393162,65.21739130434783,47.42096505823628,63.14366932403728,0.21024842313894052,0.7453080545947708
4,roll,20.988,5.68,-1.111372,1.125448257378418,1.9583337999999997,441.0,3.0990339999999996,54.560457746478875,10.096183969685544,17.491249099999987,9.090909090909092,100.0,100.0,85.83617747440273,60.56644880174292,33.5548172757475,40.38473582464727,0.6338774643368829,0.81494312385748
4,roll,22.987000000000002,-3.36,-0.4997939999999996,1.2649544131770254,2.51169465,442.0,2.5474270000000003,75.81627976190478,11.983185204454633,21.65524645,19.047619047619047,100.0,100.0,20.03338898163606,63.02895322939867,36.01286173633441,47.93274082230965,0.4671647018537824,0.8237450731811278
4,roll,23.948,1.2400000000000002,1.82538,1.4865507200685206,2.2369892000000005,,0.0,0.0,7.712621712306851,13.323329399999999,0.0,99.83164983164983,100.0,73.9057239057239,64.28571428571429,33.825944170771756,30.850486921584732,0.2068677763210868,0.8711579233774929
4,roll,27.247,1.5599999999999998,0.016723000000000043,2.0955243614216785,3.0807252,137.0,3.5303400000000007,226.30384615384622,7.011309165011835,13.350831999999999,16.666666666666664,99.76525821596243,100.0,54.694835680751176,61.06194690265486,33.554083885209714,28.045236746959127,1.3717437837027942,0.5410521198675095
4,roll,29.107,-2.2399999999999998,-0.4718920000000004,1.4843344245592662,2.9898347999999997,223.0,0.9523579999999998,42.51598214285714,5.562013533086894,10.877587599999996,62.5,100.0,100.0,79.45945945945945,73.52941176470588,37.436762225969645,22.248054266701896,1.0175032140732354,0.6396403450498366
4,roll,31.326,2.08,0.5452849999999998,1.6611814004863366,2.555991,414.0,0.0,0.0,10.153133173835732,15.139367,61.53846153846154,100.0,100.0,99.50738916256158,53.77777777777778,37.66233766233766,40.6125328151724,2.0952638407013975,0.7732023077534934
4,roll,32.466,-2.64,1.1410879999999999,0.6784152855194204,1.1039244999999998,166.0,3.3371039999999996,126.40545454545452,7.088176182066826,13.033268849999995,66.66666666666666,99.31972789115646,100.0,76.0204081632653,63.97379912663755,29.838709677419356,28.35270461546851,2.668077233378848,0.7554229214592174
4,roll,35.156,3.83653,0.490529,1.2578724818688665,2.2194857500000005,211.0,0.9034770000000001,23.549327126335516,5.0644683043498775,10.172378,67.64705882352942,99.49066213921901,100.0,37.351443123938886,59.863945578231295,29.245283018867923,20.25787321327477,2.115589258015625,0.4584683646696089
4,roll,37.496,-4.253275,-3.0795199999999996,3.038975119467517,5.2593695,542.0,0.0,0.0,13.877438026991985,26.4999715,15.789473684210526,100.0,100.0,13.57615894039735,61.64705882352941,39.60720130932897,55.509752141006665,0.9937808054766948,0.49767395260337605
4,roll,39.635,7.097477999999999,-0.29329499999999964,1.0266812508935186,2.1884242,270.0,1.9109890000000007,26.924902056758768,10.693360370428751,19.811422399999998,3.571428571428571,100.0,100.0,31.76691729323308,54.292929292929294,38.33634719710669,42.7734415520768,0.14155464932293294,0.7196535771339341
4,roll,40.595,-6.796453,0.3121519999999993,1.6266807762097646,2.4068811000000014,301.0,2.7631739999999994,40.656118713687846,11.763094018478842,22.50282045,24.242424242424242,99.82876712328768,100.0,56.849315068493155,61.75115207373272,34.105960264900666,47.05237623168746,0.1261193434378868,0.7613504786904282
4,roll,41.475,-2.2797,2.1915639999999996,2.404872734058405,4.230445,0.0,4.056936,177.95920515857352,16.719476515293433,30.304698199999994,3.125,99.79716024340772,100.0,90.06085192697769,64.5945945945946,34.1130604288499,66.87790591660027,0.8171191885961755,0.6712590558418152
4,roll,42.335,3.709515,-1.717273,2.0342309941638006,4.660170999999999,271.0,0.0,0.0,14.040808061592779,32.91912099999999,0.0,99.81024667931689,100.0,69.25996204933587,69.71830985915493,35.678391959798994,56.163232293794984,1.3653853834132017,0.6429633150266261
4,roll,46.854,1.957274,-1.284034,1.3034306751398488,2.3613478000000003,334.0,1.953169,99.79026952792506,9.865541830956127,18.7658086,50.0,99.77628635346755,100.0,27.740492170022375,69.47040498442367,38.266384778012686,39.46216729638547,1.264195303895964,0.7156068965433182
4,roll,47.794000000000004,8.140295,-1.2682769999999999,3.625376823962327,5.017697,271.0,3.836698,47.13217395684063,9.153316335979133,16.563466000000002,68.42105263157895,100.0,100.0,38.43283582089552,59.32203389830508,39.750445632798574,36.613265360831505,0.8746203124416265,0.9666745112018194
4,pitch,1.11,1.56,0.726335,1.202395649455559,1.8152069,651.0,0.42596900000000004,27.30570512820513,8.21234352150808,15.693567099999997,47.05882352941176,100.0,100.0,72.29357798165138,62.526315789473685,31.82608695652174,39.41925056572072,1.2281333587139511,1.305616244307944
4,pitch,4.8500000000000005,-4.08,0.37096600000000013,1.8590015921426701,4.9998974,166.0,0.9764499999999998,23.93259803921568,11.229704167005107,21.324575999999997,15.0,99.62616822429906,100.0,55.887850467289724,63.244353182751546,31.464737793851715,53.902582262969524,2.2714541380428828,2.362620267966479
4,pitch,5.75,2.16,0.06702000000000008,0.8942088389355134,1.55490625,321.0,1.0190009999999998,47.17597222222221,7.273430164360215,14.775181900000003,11.11111111111111,99.61832061068702,100.0,41.412213740458014,61.013215859030836,25.451263537906136,34.912466118881724,2.336479873303003,1.8533802778172603
4,pitch,7.549,-4.0,-1.511599,3.250315815074561,6.4150774,202.0,0.3590530000000003,8.976325000000006,8.242171850169848,17.5687316,12.5,99.81515711645102,100.0,47.504621072088725,56.475583864118896,30.755711775043938,39.562426293292205,2.287942316563629,0.959691115039177
4,pitch,10.079,9.4,0.42955200000000016,3.4565496197619816,6.425987649999999,271.0,0.0,0.0,10.125502653997744,18.834848249999993,0.0,100.0,100.0,70.1067615658363,61.15702479338842,33.33333333333333,48.60241490428044,1.8445374947541504,1.4194400209509666
4,pitch,10.889,-8.5199995,-1.946709499999999,3.866358261567915,7.6102324,141.0,4.737228999999999,55.60128260570906,17.133734928956894,32.1248965,34.78260869565217,99.812734082397,100.0,82.77153558052434,60.85972850678733,32.78084714548803,82.24193068758362,2.53293102725081,1.805512619457057
4,pitch,12.25,-3.32,0.34724999999999984,2.3509257391112643,4.9258372,141.0,2.514002,75.72295180722892,12.445470028036903,22.3480468,25.0,99.01768172888016,100.0,75.24557956777997,63.54679802955665,39.84674329501915,59.738258386958044,3.5870497311069793,1.388165988977948
4,pitch,13.688,-6.34,0.8659590000000001,1.7795581315970557,2.9284977999999997,303.0,1.0028860000000002,15.818391167192432,8.891196862935912,16.7038552,41.66666666666667,98.16326530612245,100.0,36.53061224489796,61.24721603563474,29.306930693069305,42.67774677962549,4.5267145663549675,1.9020222871481822
4,pitch,14.549,4.48,0.6688020000000001,1.7514588584372097,4.002195949999999,155.0,1.4601860000000002,32.5934375,11.731021960748429,20.688601199999994,40.0,98.9517819706499,100.0,20.545073375262053,61.029411764705884,38.25910931174089,56.30890766325605,4.053287410267809,1.8299350475877258
4,pitch,19.548000000000002,-6.640000000000001,0.5094259999999999,3.2438798461413825,5.6203286,171.0,1.7454979999999995,26.2876204819277,10.493702026070297,22.092195199999992,27.27272727272727,97.6271186440678,100.0,47.79661016949153,62.13389121338913,34.80392156862745,50.36977173182223,5.075928421331594,1.1188245766804208
4,pitch,20.368000000000002,1.7599999999999998,1.873563,2.0551541220127363,4.48436235,94.0,2.841310000000001,161.43806818181824,8.17707649265415,17.033837349999985,12.5,97.05372616984403,100.0,45.407279029462735,55.23012552301255,27.500000000000004,39.24996885266252,4.89062690823429,1.1352982876872044
4,pitch,21.188,-2.16,-0.3474360000000001,1.3203417029776856,2.80892825,165.0,0.6930609999999997,32.08615740740739,7.067078424066817,13.3641885,6.666666666666667,97.92387543252595,100.0,55.19031141868512,58.8469184890656,27.22772277227723,33.92197781779596,4.895907026644757,1.7856852285657259
4,pitch,22.228,-2.16,-0.2700739999999997,1.1061022073710518,2.4445780000000017,205.0,0.33485699999999996,15.502638888888885,6.953077848251554,13.2210425,0.0,97.26962457337885,100.0,45.051194539249146,56.024096385542165,28.109854604200322,33.37477494219163,4.722698600239578,1.6579998293975637
4,pitch,23.117,1.36,-0.5905530000000001,0.879974963567329,1.7070502,432.0,1.4670629999999998,107.87227941176468,7.051273753352513,12.700624600000001,17.647058823529413,97.46621621621621,100.0,34.7972972972973,58.78787878787879,32.68608414239482,33.84611545752171,4.494494212043638,1.6284267175253304
4,pitch,26.757,-1.2400000000000002,-0.20813300000000012,0.8633534272662985,1.555954,146.0,2.063722,166.42919354838708,6.530474993515696,11.975443,6.666666666666667,97.16666666666667,100.0,53.833333333333336,59.68688845401174,31.07890499194847,31.346281361960102,4.601093995485583,1.014284349506933
4,pitch,27.694,3.92,0.228214,0.8409796274560408,2.0244366999999994,190.0,0.4123410000000005,10.518903061224504,6.304560660553164,12.428448099999999,36.36363636363637,96.29629629629629,100.0,44.2495126705653,59.63718820861678,26.151012891344383,30.261892379394663,4.740769069059938,1.144197099957223
4,pitch,29.147000000000002,-1.1999999999999997,-0.2987420000000003,0.8256080660889697,1.4459264,121.0,0.9057759999999999,75.48133333333334,5.385329639902579,10.838207599999999,50.0,96.06440071556351,100.0,62.7906976744186,64.13502109704642,27.150084317032043,25.849583278669023,4.8583803119490945,1.3151530121761614
4,pitch,30.116,1.6799999999999997,0.19695699999999983,0.9418101374953617,1.5377782000000004,186.0,0.30059199999999997,17.892380952380954,6.413823511846846,11.542516600000006,50.0,97.35449735449735,100.0,53.43915343915344,61.50627615062761,31.57894736842105,30.786353912128362,4.963088349933458,1.6745082257047255
4,pitch,31.426000000000002,-1.88,0.1434709999999999,0.6309089710210432,1.1204429999999996,171.0,0.7724950000000002,41.090159574468096,7.520415391538567,14.252846799999995,50.0,96.9439728353141,100.0,69.43972835314092,62.21804511278195,31.766612641815232,36.09799537781537,5.207624075000217,1.7001263165886948
4,pitch,37.416000000000004,1.491287,0.359977,1.2994705190238067,2.614994,307.0,0.6753959999999999,45.289471443122615,7.761510660035271,14.9239932,12.903225806451612,92.75862068965517,100.0,74.13793103448276,61.388286334056396,36.378466557911906,37.25525296660364,7.3757870493528035,0.880172051039588
4,pitch,39.435,-3.5876349999999997,0.9116709999999997,0.563720244747111,0.9588357000000001,392.0,1.1344330000000005,31.620635878510512,6.735256306646909,13.0929246,3.0303030303030303,89.45454545454545,100.0,57.63636363636364,56.875,25.04288164665523,32.32923172397325,8.57654887821413,1.6417047529149458
4,pitch,40.346000000000004,4.27913,0.37377300000000013,1.3427415259372892,2.2458479,294.0,0.8807399999999994,20.582221152430503,7.143340232353869,14.796046599999999,3.571428571428571,91.57894736842105,100.0,40.70175438596491,61.0,35.82089552238806,34.28803430980717,8.726428557773541,1.5349080617682922
4,pitch,44.715,-7.734596,-0.22658999999999985,2.188972150758827,2.9767746,396.0,1.7364990000000002,22.45106273165399,8.067066428754364,16.772635400000006,21.052631578947366,92.55499153976311,100.0,39.76311336717428,62.546816479400746,32.909379968203496,38.72192029074486,8.386896331943769,1.1517713095998718
4,pitch,45.654,4.620469,0.23892899999999972,0.7816512199915782,1.8054772999999997,156.0,2.8386310000000003,61.43599275311663,9.914471885920715,18.4416463,53.57142857142857,96.35157545605307,100.0,8.7893864013267,60.58252427184466,34.67094703049759,47.58946687989906,7.670042013104525,1.3179364905532518
4,pitch,47.934,5.701664,1.1582069999999998,1.8715746714602424,2.8936897500000005,325.0,0.5695669999999993,9.989487279502953,7.030703089864067,14.315182900000003,66.66666666666666,93.1098696461825,100.0,63.128491620111724,61.39240506329114,30.851063829787233,33.74737640525306,7.1725820824627515,1.724779001566266
4,pitch,48.794000000000004,-2.8944319999999997,-0.18668500000000066,0.8464998638135773,1.4719817999999996,172.0,1.2044510000000002,41.61268946722536,8.688836773431909,16.273025199999996,58.06451612903226,96.42248722316864,100.0,79.89778534923339,54.83870967741935,29.268292682926827,41.70641827757949,7.675838161272737,1.7110266841682509
4,pitch,50.834,4.1920530000000005,1.011606,1.636665742371055,2.9867360499999998,271.0,0.0,0.0,7.0800514295725705,14.4018932,62.06896551724138,92.11908931698774,100.0,62.6970227670753,67.578125,26.411960132890368,33.98424821440934,8.943613899851314,1.4093671019180656
4,pitch,54.494,-1.4355969999999998,0.098325,1.230609967970338,2.569667,384.0,0.704197,49.052554442507194,6.694870673428391,12.978724,16.0,91.69491525423729,100.0,61.52542372881356,58.285714285714285,29.790660225442835,32.135380378771785,10.086670796694955,1.2236319388865935
4,pitch,55.474000000000004,-14.799762999999999,-0.284154,3.892941681692336,6.150893099999999,341.0,0.8164770000000026,5.516824830235475,8.79392380614675,16.789487200000003,32.142857142857146,91.36442141623489,100.0,47.66839378238342,64.45783132530121,26.865671641791046,42.21083575753018,10.116470476118035,1.63470493977246
4,pitch,57.253,19.563253,-2.3628719999999994,3.6253117587097057,6.0136292,282.0,3.797027,19.4089755931695,15.117838725304352,27.097335599999997,15.384615384615385,97.19008264462809,100.0,19.173553719008265,64.51612903225806,38.087520259319284,72.56562875715575,7.950376626975643,1.895860529797561
5,roll,4.241,8.799999,-0.7110700000000001,2.018017975256472,3.5688630499999987,450.0,4.092237000000001,46.50269846621574,10.630851778044084,21.0783406,83.33333333333334,100.0,100.0,55.05050505050505,52.570093457943926,36.39344262295082,44.6495753860474,1.2820591129516827,0.3800130982887128
5,roll,5.45,-1.9600000000000009,-0.5545489999999997,0.6961227062724029,1.0208685000000006,423.0,1.2567500000000003,64.11989795918366,5.881799604854404,11.4122325,75.0,100.0,100.0,62.03703703703704,58.08656036446469,24.168126094570926,24.70355722992287,1.9821108539239707,0.6164100260471246
5,roll,8.399000000000001,-6.28,1.3285660000000004,0.7623589658473381,1.30767875,282.0,1.3651749999999998,21.738455414012737,11.165933615121276,19.763325000000002,7.6923076923076925,100.0,100.0,68.98222940226171,62.795698924731184,44.56869009584665,46.89691913890774,0.1796570914446414,0.8511620155943036
5,roll,13.399000000000001,9.399999999999999,-0.841319,2.2926751393027627,3.716111,401.0,3.796825000000002,40.39175531914896,13.214452188742467,22.622924200000003,32.142857142857146,100.0,100.0,63.149350649350644,61.37931034482759,44.03815580286168,55.500696809743204,2.276033699771148,0.4097933908771446
5,roll,14.249,2.640001,-0.665267,0.7502970037758839,1.4853336999999982,491.0,0.2897730000000003,10.976245842331132,5.0264410275175955,9.706114599999987,27.27272727272727,98.9778534923339,100.0,37.98977853492334,59.395248380129594,26.20578778135048,21.111051343221956,2.579194156056313,0.6816703008435022
5,roll,15.569,-2.16,0.48650000000000126,1.3058193096699646,2.1502094500000006,151.0,5.168993,239.30523148148148,18.015908926346683,28.675876699999993,78.26086956521739,99.5049504950495,100.0,7.920792079207921,62.99376299376299,35.947712418300654,75.66681410919927,1.8994611109968966,1.073807266375238
5,roll,16.409,-10.079999,2.647552000000001,1.5711045104074648,2.7483636,310.0,3.730696,37.010876687586965,21.427188367709547,33.53548,81.81818181818183,100.0,100.0,1.3651877133105803,63.39285714285714,36.930860033726816,89.99418704871789,0.9236809408483169,0.9917193973340249
5,roll,17.678,-18.76,1.122475,4.242554349584064,8.209362749999999,273.0,0.6181680000000007,3.2951385927505368,14.508435481618687,29.56885415,58.82352941176471,100.0,100.0,59.80551053484603,63.4453781512605,41.58730158730159,60.935426462769264,0.07252429292317401,0.9341769363358017
5,roll,18.598,18.88,-2.0284900000000015,7.8744077378143675,15.2587636,175.0,16.564997,87.73833156779662,47.384285230363105,76.59479660000001,31.818181818181817,100.0,100.0,72.71293375394322,67.52988047808765,47.57433489827856,199.01398875110988,0.8383288327870748,0.9694781235067055
5,roll,20.738,-21.12,1.812861999999999,5.144955412462007,8.966142999999997,261.0,5.343433000000001,25.300345643939398,35.495453180997856,64.8829701,51.61290322580645,100.0,100.0,13.765822784810128,60.37735849056604,37.8125,149.08089598248705,1.3538770839134902,0.5561216776951012
5,roll,22.238,-18.76,0.36671300000000007,6.102160501205958,12.5189911,261.0,0.9925579999999989,5.290820895522382,24.762429659758528,43.97226449999999,20.689655172413794,100.0,100.0,43.85113268608414,64.56211812627292,42.197452229299365,104.00219963694941,0.27001732567246295,0.6981512042975079
5,roll,24.168,12.119999,-1.1383120000000002,2.2800437246512435,4.553649399999999,271.0,5.9909050000000015,49.42991331929979,10.420183152212804,19.5545992,13.793103448275861,100.0,100.0,77.14776632302406,59.66981132075472,32.99832495812395,43.76476717554788,1.5196465318408972,0.6233871964157016
5,roll,24.997,2.3600010000000005,0.2349490000000003,1.1186348627889238,1.900997599999998,123.0,0.0,0.0,8.362335219696908,15.2133636,0.0,100.0,100.0,12.271973466003317,52.752293577981646,31.810766721044047,35.12180639273723,1.6067583489933228,0.8658001183745605
5,roll,26.037,-21.12,2.1070610000000016,4.847806377076366,8.506055,294.0,5.073031999999998,24.020037878787868,33.887304812732005,60.720364000000004,3.8461538461538463,100.0,100.0,27.348993288590606,61.29807692307693,46.4696223316913,142.3266735389178,0.7844800471489828,0.7966636621061761
5,roll,27.837,-10.84,1.0088700000000002,3.0064401759283945,4.51080065,287.0,1.6430290000000003,15.15709409594096,10.059554459897388,23.60219759999998,25.71428571428571,100.0,100.0,51.174496644295296,64.71861471861472,33.85579937304075,42.2501267615018,1.1483539357326447,0.7327649434424699
5,roll,28.677,5.4,-0.8641630000000005,0.6485617445381101,1.205808,176.0,2.0552349999999997,38.059907407407394,11.955468349491523,20.157475,35.714285714285715,100.0,100.0,3.1695721077654517,62.44343891402715,31.513260530421217,50.212964762818544,0.7073342358872708,0.5561656175376223
5,roll,29.557000000000002,10.159999000000001,-2.198478,1.0776441723213244,1.973369,321.0,1.9897279999999995,19.583938935427053,13.177049764365458,21.761095,7.6923076923076925,100.0,100.0,71.9435736677116,60.25369978858352,39.15756630265211,55.343606780749504,0.24322808572776078,0.465449044685374
5,roll,30.757,3.4399990000000003,-0.11908099999999955,1.7971713897178891,2.85667105,231.0,0.0,0.0,12.993422986547014,20.347262999999998,10.526315789473683,99.83660130718954,100.0,17.15686274509804,56.76855895196506,39.3312101910828,54.57237399312933,0.4520445693355939,0.43770193219305104
5,roll,31.617,-8.799999999999999,2.260161,1.8609388789370291,3.2389982999999996,452.0,7.041628000000001,80.01850000000002,20.154787113871826,33.073028799999996,48.57142857142857,100.0,100.0,92.85714285714286,60.22727272727273,34.95145631067961,84.65010174116057,0.6751451273937162,0.5997120812469408
5,roll,32.457,-10.88,0.9252669999999998,1.8234140148585276,3.3323316999999992,435.0,1.8180429999999994,16.70995404411764,16.73161977504461,30.455010549999994,46.15384615384615,100.0,100.0,87.05281090289608,55.55555555555556,33.114754098360656,70.2727998749615,1.7657411205673779,0.7497871838794812
5,roll,33.276,8.12,-0.19854699999999958,2.7483886909981012,6.183163399999997,224.0,1.4345800000000004,17.66724137931035,12.506804912421709,21.523142799999988,23.809523809523807,100.0,100.0,29.642857142857142,67.68447837150127,48.00693240901213,52.52857842101475,2.0000454043712703,0.7602231102913999
5,roll,34.086,2.62,0.6725709999999996,1.9603197572711435,2.6407124,111.0,2.6416370000000002,100.82583969465648,16.97303639397829,23.8074771,40.0,100.0,100.0,5.144694533762058,53.640776699029125,41.73354735152488,71.28674955654321,1.5072986268783868,0.8125081347754313
5,roll,35.116,17.72,-2.619402,2.6028036903766028,4.54030285,321.0,1.7605399999999989,9.935327313769745,10.015602429645194,18.9671908,71.875,100.0,100.0,29.67032967032967,57.373271889400925,36.02150537634409,42.065528118577205,0.5268266992358444,0.8442445290721765
5,roll,36.567,-21.24,1.4464299999999994,5.8215485901178825,12.52245465,206.0,4.071379,19.168451035781548,35.57840758955741,68.36050270000001,47.05882352941176,100.0,100.0,82.25039619651348,68.25053995680346,50.1577287066246,149.42930474583773,1.2497824842245644,0.9347979358838493
5,roll,37.696,-18.76,1.3329220000000002,5.254312561483292,12.326468,240.0,0.5496410000000012,2.9298560767590676,21.476623483219004,44.471264000000005,33.33333333333333,99.185667752443,100.0,34.69055374592834,67.19056974459725,46.64586583463339,90.20181446048676,2.203338437848049,0.66044417101143
5,roll,38.516,18.88,-1.3175750000000015,6.352216921957287,16.8073637,136.0,2.8589839999999995,15.142923728813557,40.04635607694522,84.75212984999996,50.0,100.0,100.0,10.7981220657277,63.95604395604395,45.46875,168.19468808911645,1.8462514869978963,0.632044767985817
5,roll,39.576,21.24,-2.9954479999999997,3.903833975178602,9.3287104,171.0,3.814653,17.95975988700565,36.29677262315269,82.1429804,0.0,100.0,100.0,38.18525519848771,60.34063260340633,44.48462929475588,152.44643751235247,0.4173027039646496,0.6256337367526998
5,roll,40.966,-17.72,1.7531490000000005,3.0548345915540156,6.606989299999999,281.0,6.084905000000003,34.33919300225735,25.67892157579447,35.984407,58.97435897435898,100.0,100.0,80.09630818619583,64.94117647058823,41.89406099518459,107.85146574715745,1.2943660866079565,0.5985288759701503
5,roll,42.075,-15.319999000000001,1.7483090000000001,3.451253131414341,7.323450799999999,242.0,1.090975000000002,7.121247201125809,14.67801289149614,26.22061464999999,13.043478260869565,99.83136593591905,100.0,41.65261382799326,61.75771971496437,42.5,61.64765139621389,2.4829422702176833,0.7335853740457208
5,roll,42.926,11.92,-1.7372420000000002,2.0271339056926614,3.5129271000000006,370.0,6.1548539999999985,51.63468120805368,21.03600802520712,35.4374823,18.51851851851852,99.83498349834984,100.0,11.716171617161717,58.76288659793815,36.48208469055375,88.35122981516734,2.083230702145699,0.6972220587390278
5,pitch,4.48,-5.16,1.1113209999999998,1.2870029594611936,2.2274422,214.0,1.6348380000000002,31.682906976744192,6.4515736112008515,12.935803400000001,52.63157894736842,97.37302977232925,100.0,65.32399299474606,53.879310344827594,28.432956381260098,32.257868068161706,4.3372512131412,0.7875021822572539
5,pitch,5.68,1.3599999999999999,-0.05723299999999987,0.48974978690936727,1.0613738,301.0,1.16065,85.34191176470588,9.865664505457982,18.684994399999994,12.5,98.42931937172776,100.0,29.31937172774869,60.99585062240664,28.667790893760543,49.32832265370992,4.197864126470343,1.6735184701650205
5,pitch,7.769,1.76,-0.5029840000000001,0.6557712955186441,1.3294779999999995,152.0,2.098523,119.23426136363638,6.2908061376155855,11.842919599999997,0.0,99.14089347079039,100.0,28.1786941580756,58.754863813229576,26.25607779578606,31.454030743821043,2.619247019561719,1.6422590460384323
5,pitch,13.319,-2.44,0.7074720000000001,1.6271600875160965,3.050805,181.0,3.116697,127.73348360655737,10.38692987834121,19.6207745,9.090909090909092,97.50415973377704,100.0,70.04991680532446,66.35687732342006,32.17115689381934,51.93464933267934,5.238748272726396,1.3715757912672717
5,pitch,14.239,-1.5599999999999998,0.5055209999999999,1.214006889864339,2.7630022999999992,500.0,2.640605,169.26955128205128,8.200910040521073,17.242118499999986,31.25,96.07508532423208,100.0,55.460750853242324,61.42034548944337,31.672025723472668,41.00455009363979,5.723652319263247,1.5372855583104315
5,pitch,15.358,-1.8400000000000003,0.17891299999999966,0.6347368762873739,1.1290729,232.0,0.11000599999999938,5.9785869565217045,7.413948985990888,15.735274499999997,37.5,96.03448275862068,100.0,36.37931034482759,62.17303822937625,28.45394736842105,37.06974484057894,5.775290064196622,1.895578164452939
5,pitch,16.398,6.84,-0.8021319999999998,0.993525693431282,1.6963630999999997,333.0,1.786411000000001,26.117119883040953,12.88334209037065,21.967516249999996,80.0,97.74696707105718,100.0,15.251299826689774,59.056603773584904,34.7972972972973,64.41671053196318,4.947255910617534,2.7065187627275957
5,pitch,17.689,-9.76,0.08216599999999996,2.955370526194411,7.08435515,285.0,1.7749360000000003,18.18581967213115,12.223785184268994,24.8628023,40.74074074074074,98.69494290375204,100.0,54.32300163132137,61.038961038961034,32.698412698412696,61.11892601131576,4.162510369256775,2.220000960832957
5,pitch,18.578,8.48,0.9854159999999998,2.897022023626482,7.506821600000001,185.0,1.3404509999999998,15.807205188679243,13.36693771402599,27.529908000000006,50.0,98.4822934232715,100.0,19.224283305227654,57.692307692307686,32.863849765258216,66.83468878008,3.926929150300374,1.7001512162406975
5,pitch,24.157,-14.839999,0.34566700000000017,3.4237898411232295,7.1394692,237.0,0.8597380000000001,5.7933831397158455,13.573679805014097,25.556246999999995,20.0,98.12286689419795,100.0,78.66894197952219,61.00217864923747,37.52093802345058,67.86839896958682,6.954184349420608,1.2697438567303885
5,pitch,24.997,6.72,0.3739310000000007,2.1338854858520344,3.5846535999999998,334.0,5.609647,83.47688988095238,9.422390006362532,17.6089648,24.137931034482758,97.98657718120806,100.0,37.58389261744966,54.19222903885481,30.505709624796083,47.11195017293828,7.43973772024825,1.5865981738889425
5,pitch,25.837,2.12,0.3296979999999998,1.251671938542574,1.8481720000000001,151.0,1.8586739999999997,87.67330188679243,11.743182045104243,20.3043662,9.090909090909092,98.1636060100167,100.0,10.35058430717863,58.2995951417004,38.17292006525285,58.71591019745992,6.741399601187944,1.7799890740547981
5,pitch,29.077,-8.599999,0.4144429999999999,1.8500833774083163,3.476289,281.0,3.871243999999999,45.014470350519794,9.025067523835107,19.273536,11.11111111111111,96.4110929853181,100.0,69.16802610114192,60.8058608058608,29.329173166926676,45.12533786604767,7.1880379678308906,1.546055463584208
5,pitch,29.917,-7.640001,-1.9375300000000006,2.532962175718644,4.3714164,376.0,0.0,0.0,8.755908239463027,17.80931740000001,16.0,93.05331179321486,100.0,18.73990306946688,60.97560975609756,38.810641627543035,43.77954131390843,7.077671905197519,1.2195717402443769
5,pitch,30.727,21.119999,-0.010100999999998805,4.075249916188755,7.50679535,287.0,2.477930999999998,11.73262839643126,19.963408060522234,42.06264245,21.73913043478261,99.51768488745981,100.0,5.787781350482315,60.3515625,32.64331210191082,99.8170403423589,5.958759907914838,1.3040183862359829
5,pitch,31.737000000000002,6.039999,-0.28880200000000045,1.524853781799842,3.0003187500000004,321.0,0.0,0.0,8.497987496346042,15.5190059,30.434782608695656,98.46416382252559,100.0,67.23549488054607,60.23391812865497,30.582524271844658,42.48993757512044,4.8986637227720635,1.322612011492405
5,pitch,32.567,-8.76,1.1538760000000003,1.679910495302103,2.8714076999999985,211.0,7.190562,82.08404109589041,18.059387523318748,29.049922699999986,64.51612903225806,99.30555555555556,100.0,91.84027777777779,65.0103519668737,37.11340206185567,90.29693737722347,6.021683679833369,1.822990678230989
5,pitch,33.376,-8.399999999999999,-1.025131,5.331246885949345,9.961965999999997,85.0,3.6575740000000003,43.54254761904763,17.559363894306742,35.233979799999986,56.25,98.83333333333333,100.0,70.0,60.36585365853659,41.65289256198347,87.7968192705566,7.38319452077959,1.8409586013283081
5,pitch,35.206,-10.280000000000001,0.3975819999999999,1.8127224672618598,2.6579719999999996,366.0,5.677216,55.225836575875476,9.479484918025717,17.060312599999996,82.75862068965517,98.64864864864865,100.0,88.61003861003861,59.25925925925925,30.458715596330276,47.39742463014132,7.300837128490445,1.8070285996905162
5,pitch,36.116,5.64,0.3683789999999991,4.2372303208027855,9.632606299999999,544.0,11.098889999999997,196.788829787234,14.226253387711933,27.360265799999993,54.54545454545454,97.8405315614618,100.0,41.36212624584717,61.97718631178707,40.76433121019109,71.13126699184785,7.696195937662399,1.9980789785502662
5,pitch,37.836,-8.96,0.11771799999999999,4.327743912633802,8.397482900000002,157.0,1.3744049999999994,15.339341517857134,18.560740402103615,37.319353949999964,15.0,98.88535031847134,100.0,70.70063694267516,62.547528517110266,42.03125,92.803701894396,6.645369647892372,1.1938644878669165
5,pitch,39.596000000000004,-11.52,0.9246029999999998,3.046670447250805,7.0969728,147.0,4.529095999999999,39.31506944444444,22.155054022121952,50.16925199999999,11.11111111111111,94.10646387832699,100.0,72.81368821292776,61.20092378752887,35.688405797101446,110.7752702699751,7.975922574367288,1.0736934390839377
5,pitch,40.456,-2.24,0.4907579999999996,3.467765155069317,5.930997999999998,144.0,3.645384,162.74035714285714,9.038426466959017,17.75006489999999,36.11111111111111,94.84536082474226,100.0,48.281786941580755,57.73195876288659,34.5,45.192132347557624,8.178673864322903,1.1367283616161816
5,pitch,41.296,3.68,1.024728,1.0079595532003223,1.5932900000000003,233.0,1.2060609999999996,32.77339673913042,8.250747738900165,15.5834914,61.53846153846154,94.3562610229277,100.0,21.516754850088184,59.417475728155345,29.88505747126437,41.25373853674058,7.746821141549356,1.434445551013934
5,pitch,42.115,-16.0,0.03793200000000008,2.870445105485997,5.206032,315.0,2.4875869999999978,15.547418749999986,11.596817938652926,23.258287,28.57142857142857,97.27891156462584,100.0,72.95918367346938,59.03361344537815,32.945091514143094,57.984089672194216,7.60828768937842,1.786015791955682
5,pitch,43.015,11.719999,0.21846099999999957,2.488886008607369,4.388539000000001,323.0,5.918612000000001,50.500106697961336,10.554431273769659,18.73505525,20.588235294117645,95.62289562289563,100.0,23.400673400673398,54.35203094777563,29.545454545454547,52.77215638313685,7.7046729543561545,2.094897745998254
5,pitch,43.915,6.84,-0.692812,2.3677983958557345,4.454225199999999,212.0,1.5621080000000003,22.83783625730995,11.144258780186812,23.299645,9.090909090909092,97.59450171821305,100.0,87.2852233676976,58.517034068136276,30.413223140495866,55.72129375559047,7.411636153729209,1.883950194128519
5,pitch,44.766,-12.879999999999999,0.7068989999999999,2.83616198502681,5.184768849999998,416.0,10.836817000000003,84.13677795031059,18.0521774670707,32.48407054999999,12.121212121212121,99.19093851132686,100.0,97.41100323624595,58.63453815261044,38.42443729903537,90.26088727330817,8.772587918510704,1.7604858962506333
5,pitch,45.715,4.120001,1.151717999999999,1.0072013230274208,1.8503537999999993,457.0,2.1734989999999996,52.75481729252006,8.37893240453889,15.501535500000003,26.31578947368421,93.36734693877551,100.0,29.591836734693878,55.25773195876289,27.948303715670438,41.894662063269806,9.683398879165996,1.1461959518696043
5,pitch,47.075,5.76,-1.0129029999999997,1.0907696667914968,2.2013181,294.0,6.5639400000000006,113.95729166666668,14.359489626693804,22.234158049999994,18.181818181818183,99.11347517730496,100.0,2.8368794326241136,63.91304347826087,32.631578947368425,71.797448364626,7.625147364178907,1.1776453943922556
6,roll,3.5100000000000002,3.0292310000000002,-1.2833910000000002,3.3901926969454435,6.118602399999999,94.0,5.173291999999999,170.7790525054048,17.019518018027966,29.469479749999987,25.0,99.67159277504105,100.0,72.9064039408867,61.407249466950965,40.77669902912621,73.18393100896381,2.386965696426074,0.6134615786809025
6,roll,4.68,-1.054994,-1.3672879999999998,1.4704665505940548,2.8316464,363.0,0.0,0.0,8.739103077961598,17.2709894,2.857142857142857,99.17491749174917,100.0,83.993399339934,61.26315789473684,32.22748815165877,37.57814474600318,3.2301081580067605,0.6884377782999322
6,roll,5.64,2.3719479999999997,-0.623947,0.8565788091071016,2.0183972,120.0,1.3667900000000008,57.62310134960804,6.84518356212233,13.058852649999997,38.70967741935484,97.15447154471545,100.0,80.08130081300813,70.40229885057471,34.63035019455253,29.434290603546096,3.907623574924502,0.6741989784502408
6,roll,6.839,7.690607,-0.7084099999999998,2.332094299739886,3.7738071,477.0,2.960281,38.492163232369045,4.68550897711145,8.820909849999998,71.42857142857143,95.88014981273409,100.0,62.92134831460674,61.15107913669065,26.989619377162633,20.147689675973925,4.255162655364951,0.7651856083729995
6,roll,7.659,-4.170948000000001,-1.0905379999999987,1.346274339721103,2.336124,241.0,3.5232859999999997,84.47206726144749,10.781117097836034,18.707065,52.77777777777778,98.014440433213,100.0,15.523465703971121,56.00000000000001,32.53012048192771,46.358805690726484,4.122368050258383,0.988727698237766
6,roll,8.479000000000001,-4.64511,-0.007505000000000095,3.7269440667220675,5.8157226,434.0,5.719015999999999,123.11906499523153,14.514081266128862,24.4429183,42.10526315789473,99.50738916256158,100.0,15.599343185550083,62.84501061571125,43.333333333333336,62.41055194649286,3.486630888001774,1.0735463831856256
6,roll,14.919,-3.587705,-1.560635,2.5164159265960726,4.4065952500000005,601.0,1.5052379999999999,41.95545620389636,10.750599585582963,18.380208250000003,20.588235294117645,99.13494809688581,100.0,71.280276816609,56.06407322654462,40.759075907590756,46.227580474388525,7.1044407795567075,0.6510279581245495
6,roll,15.738,5.430127,1.197983,3.2166200366638478,4.7201265,252.0,1.8984670000000001,34.96174214709895,9.247432022949683,15.605211849999996,18.421052631578945,94.4741532976827,100.0,49.376114081996434,61.06194690265486,35.97972972972973,39.76395948374093,7.02898961315574,0.8007486717674505
6,roll,18.958000000000002,-1.5972009999999996,0.283528,1.3003522339954645,2.2795188999999985,433.0,0.0,0.0,8.010232491708374,14.693250299999999,0.0,94.15584415584416,100.0,86.68831168831169,57.41127348643006,35.275590551181104,34.44400111054673,8.103617533335749,0.8333558591779876
6,roll,19.82,4.559012,-1.734556,1.7381708103842932,3.1937466,289.0,1.0403199999999995,22.818979199879262,7.480607969152495,15.692597199999998,0.0,85.3615520282187,100.0,29.98236331569665,57.80885780885781,28.22966507177033,32.16661569863089,8.31634519979623,0.46744313782514063
6,roll,20.638,-2.5592479999999997,0.6662079999999997,3.945372253288456,7.149343999999999,607.0,3.7804380000000006,147.71675117065644,10.2640771251501,16.802615,24.324324324324326,95.16908212560386,100.0,50.56360708534622,61.06382978723405,42.90171606864275,44.13553365764906,8.284997617598071,0.5158192221673205
6,roll,21.598,3.7191579999999997,0.07792600000000016,1.404140529187143,2.3819066,171.0,2.9350140000000002,78.91608799626154,10.634408347993688,16.91094779999999,16.666666666666664,96.11021069692059,100.0,94.0032414910859,56.531531531531535,34.37990580847723,45.727957973666726,8.584621895213582,0.4533407336033223
6,roll,25.937,4.001174000000001,-1.594929,0.9110803770838884,1.77263,187.0,0.5261959999999997,13.151040169710178,7.213782368965487,15.378373999999999,38.70967741935484,86.17021276595744,100.0,53.54609929078015,55.26315789473685,29.951690821256037,31.019265717213102,9.701740488407456,0.918476441124532
6,roll,28.577,-4.397636,0.33957999999999977,1.1656174036698808,1.9821609999999998,351.0,0.8595289999999993,19.54525113038003,4.297574622320771,8.505476000000002,58.82352941176471,83.15789473684211,100.0,49.473684210526315,61.45374449339207,31.357254290171603,18.47957176360878,9.66998471450584,0.5678090387205006
6,roll,35.816,2.594408,0.889257,1.4434190022436313,2.4851815,312.0,1.1929269999999996,45.98070157045459,6.634861181419033,12.1324519,5.555555555555555,84.8381601362862,100.0,73.59454855195912,50.917431192660544,30.97913322632424,28.52990440846323,11.737429862137102,0.7865287876801318
6,roll,36.856,-3.411805,-2.064099,3.2331652881390496,5.6242719,607.0,0.0,0.0,15.569190725388516,27.8473396,5.555555555555555,100.0,100.0,100.0,61.31221719457014,36.37795275590551,66.94752301626566,12.64642175658638,0.6793172989361816
6,roll,38.056,-3.682042,-2.112939,2.7622386222857482,4.747162100000001,301.0,0.0,0.0,9.959490053176838,25.328924599999997,22.857142857142858,83.7251356238698,100.0,67.99276672694394,57.540603248259856,33.06581059390048,42.825809077103926,14.221674448629953,0.4455984859199399
6,roll,40.006,-4.16349,1.508992,2.1441656913709055,4.409205199999999,114.0,1.0440119999999995,25.07540548914491,10.30108238380375,18.7856383,0.0,90.5144694533762,100.0,12.379421221864952,59.354838709677416,36.708860759493675,44.29465603078783,14.169501518088621,0.48072532771471577
6,roll,40.836,7.839999999999999,3.1103660000000004,1.9350557437726428,4.2882767,324.0,0.45595500000000033,5.815752551020413,6.19797286915199,12.548899899999997,45.0,82.73504273504273,100.0,69.57264957264957,49.88864142538976,21.656050955414013,26.6512846286701,14.063415010122513,0.5398338725281249
6,roll,42.075,-4.0,1.0998199999999994,2.2017755266924763,5.020656,222.0,10.404190999999999,260.10477499999996,16.728858144277673,33.27769875,56.00000000000001,94.24703891708968,100.0,11.844331641285956,57.04225352112676,38.907284768211916,71.93409356021176,13.185381242402563,0.668473698128355
6,roll,46.115,11.64,-0.30623199999999995,2.4337535303384175,5.249516,204.0,0.8516379999999995,7.316477663230236,12.0972147996499,25.7825465,61.904761904761905,91.50779896013866,100.0,69.67071057192375,60.981308411214954,42.32081911262799,52.01802605743554,13.025688098870319,0.5273187421370527
6,roll,47.755,6.839999999999998,2.225555,3.587273193418479,4.83832375,635.0,0.0,0.0,12.765096298553685,21.458169149999996,78.26086956521739,94.12698412698413,100.0,3.8095238095238098,55.93952483801296,41.71875,54.88991648247555,11.71211051936141,0.5219089341545821
6,roll,48.575,-20.639999999999997,2.233129999999999,6.882607446850985,13.522892499999998,244.0,10.496387000000002,50.85458817829459,27.891395811843854,50.575529,18.51851851851852,99.01315789473685,100.0,37.82894736842105,64.78260869565217,46.016260162601625,119.93300774015607,10.816205026124706,0.5960267169392429
6,roll,49.795,17.0,-0.12268600000000163,3.709002299476187,4.99101865,407.0,7.335818,43.15187058823529,12.755791466133235,26.71779435,71.05263157894737,93.91304347826087,100.0,86.95652173913044,62.04545454545455,31.756756756756754,54.849905987543295,10.046168523075098,0.5382437997880816
6,roll,50.635,2.3600010000000005,0.6605629999999998,1.204731406947928,2.2167339500000005,62.0,1.3499079999999992,57.19946728836128,14.254143576013155,27.664544649999996,28.57142857142857,97.98994974874373,100.0,96.14740368509213,54.91606714628298,41.118421052631575,61.292820117888645,11.366651852180604,0.619347202047486
6,roll,51.594,10.080001,-0.4763799999999989,3.4375158076546635,6.228324699999999,593.0,0.0,0.0,9.59216927668228,16.2653714,5.88235294117647,91.21756487025948,100.0,7.784431137724551,57.77777777777777,36.89320388349515,41.24632979584839,11.426463718312876,0.5839026283422954
6,roll,52.574,-21.32,0.7410530000000008,7.344848361569503,16.48741815,212.0,3.9094739999999994,18.3371200750469,34.01983257963525,61.47080165,6.25,98.37662337662337,100.0,16.883116883116884,59.188544152744626,52.103559870550164,146.28528658679093,10.821549865105784,0.9163108775761499
6,roll,53.704,2.74178,1.4335820000000001,4.100534291619,5.7528614,606.0,0.0,0.0,16.950298803403772,32.2256251,21.875,98.00796812749005,100.0,20.119521912350596,56.62983425414365,39.447731755424066,72.88628815183893,9.25095268557114,0.8049768676890997
6,roll,56.474000000000004,2.5737050000000004,-0.5198170000000002,3.5038581738873953,5.4886887,611.0,5.794663,225.14868642676606,8.164902377442424,16.6131478,8.108108108108109,94.02730375426621,100.0,66.55290102389078,66.45299145299145,33.33333333333333,35.10908169207769,8.997531154176151,0.6025763883440991
6,roll,57.294000000000004,-18.226985,2.246708,5.0837069945968745,8.594413249999999,482.0,2.5431740000000005,13.952795813460101,17.92490756610045,28.992334299999996,8.571428571428571,98.42271293375394,100.0,52.36593059936908,60.28708133971292,48.59375,77.07710587614619,9.341744135155102,0.4116228160192062
6,pitch,5.2,1.032803,0.23205300000000006,1.1209110358975387,2.089212,176.0,0.18852800000000025,18.25401359213715,8.900456994026953,16.231887999999998,15.625,97.8984238178634,100.0,70.2276707530648,63.63636363636363,29.61730449251248,45.39232990041523,4.807792924234607,1.4575503116798822
6,pitch,6.859,-1.5192940000000001,-0.24642999999999993,0.8834149327091814,1.6748180999999989,471.0,1.0818069999999997,71.20458581420051,5.84974873044763,11.146553249999998,51.61290322580645,97.0856102003643,100.0,44.080145719489984,55.053763440860216,31.141868512110726,29.83371801409675,5.468239253822537,1.388268069278763
6,pitch,7.78,2.823418,1.216726,1.1901550917760684,2.36527145,184.0,0.6078289999999997,21.528126547326668,6.355233577075518,12.157677699999999,48.57142857142857,97.10144927536231,100.0,21.73913043478261,54.66377440347071,30.102040816326532,32.41169075335637,5.206520628985204,1.6219526234876256
6,pitch,8.699,4.1068299999999995,-0.9271030000000001,1.5195782757870406,3.0774906,196.0,0.8943890000000003,21.778086748173177,8.385043680226328,15.6462414,53.125,97.20853858784893,100.0,64.86042692939245,60.424710424710426,31.63751987281399,42.763721992101445,5.064021533058322,2.207682503192009
6,pitch,10.919,-5.138845,-0.477927,2.0279976594425877,3.495804299999999,216.0,1.0850399999999993,21.114472220897873,9.272985095208039,16.40425525,51.28205128205128,97.18543046357617,100.0,43.87417218543047,60.74074074074074,24.59807073954984,47.29222325625286,5.739089629830637,1.7348678909887534
6,pitch,11.959,6.5532710000000005,0.10953599999999986,1.847506960312402,2.739692,381.0,2.3224970000000003,35.44027097307589,7.2677284154038295,14.935068000000001,67.64705882352942,95.64459930313589,100.0,45.47038327526132,56.75675675675676,24.058919803600652,37.06541399050947,5.673372058808942,1.2925613455466791
6,pitch,12.959,-1.5210139999999996,-0.25580600000000064,0.9974292779606745,1.8773647999999998,126.0,0.958831,63.038933237958375,5.9700082727008255,12.2096796,36.0,94.48529411764706,100.0,67.27941176470588,58.13449023861171,31.56089193825043,30.447041728115657,5.773189415002417,0.8290249136015733
6,pitch,14.059000000000001,-10.722418999999999,0.3380219999999998,2.8748336619632164,4.31224375,347.0,1.6738169999999997,15.61044200940105,8.043282813548586,15.334994000000004,52.63157894736842,96.52014652014653,100.0,41.75824175824176,65.61844863731656,31.335616438356162,41.02074153408253,6.098418638118452,1.253575890926435
6,pitch,14.939,6.699239,1.911282,3.416443143324497,6.308248,542.0,7.125612,106.36449901249976,10.91332632054502,20.145928250000004,28.57142857142857,97.97979797979798,100.0,21.71717171717172,57.47368421052632,38.943894389438945,55.65796328074136,5.887314886963408,1.04586260286913
6,pitch,18.418,-4.996418,0.29843299999999995,1.5758197332432835,2.4716754,241.0,1.3779119999999994,27.577996876962644,6.52824358620501,12.358956999999995,11.11111111111111,94.42567567567568,100.0,55.57432432432432,55.68627450980392,26.400000000000002,33.2940415799985,6.459709982741039,1.9026969066754353
6,pitch,19.738,2.876512,0.7916630000000002,1.6185653614254631,3.7987055999999995,156.0,1.131201,39.32543997730585,7.960946441813297,15.190646899999997,0.0,95.44658493870402,100.0,24.86865148861646,63.07385229540918,33.27841845140033,40.60082622226457,6.308949215782797,1.0300971096407867
6,pitch,20.718,1.130038,0.059957999999999956,1.1622213929005423,2.168294,122.0,1.3045509999999998,115.4431089927949,5.577279044044029,11.107657,8.108108108108109,93.23432343234323,100.0,44.71947194719472,58.568738229755176,26.833073322932915,28.444122425803343,5.883984697980271,1.108656528213114
6,pitch,25.557000000000002,-1.6798190000000002,0.9291450000000001,0.832683577675895,1.55023505,97.0,1.006177,59.897941385351636,7.357766621560131,14.001014150000003,29.629629629629626,97.63113367174282,100.0,64.46700507614213,57.78210116731517,32.532051282051285,37.52460900236206,5.238169061649114,1.6939302708774715
6,pitch,35.656,-1.109099,-0.40303299999999975,1.3526403755818706,2.5037611,172.0,0.571685,51.54499282751134,7.241048322340426,15.531173699999995,11.428571428571429,99.65217391304347,100.0,47.130434782608695,49.40944881889764,28.731942215088285,36.929345838502734,2.7846498806965467,1.5184350364169652
6,pitch,40.006,2.569032,0.11731199999999997,1.6822361428673334,3.3681983499999992,204.0,0.0,0.0,6.847025531333163,13.348618849999998,10.0,99.33554817275747,100.0,58.139534883720934,59.056603773584904,25.158227848101266,34.91982966977921,3.017866901459337,1.2306173323790952
6,pitch,40.836,-7.640000000000001,-2.631474,2.1109252429619727,3.330116249999998,434.0,0.028555000000000774,0.3737565445026279,6.166145862827918,12.054795649999999,41.66666666666667,98.9778534923339,100.0,67.97274275979557,56.07843137254902,30.89171974522293,31.447343336860172,3.3558877492159622,1.1675797825549408
6,pitch,42.196,9.399999999999999,-0.8406199999999995,2.2670605771011636,4.75181105,501.0,5.201160000000002,55.33148936170216,12.36203304324343,23.429315949999992,65.21739130434783,100.0,100.0,13.19796954314721,55.55555555555556,36.04651162790697,63.046367190784224,2.3660620746220036,1.474841223970264
6,pitch,46.115,-6.32,1.0560960000000001,1.6450125781843739,3.67909,180.0,0.9776769999999999,15.469572784810124,8.366711837009666,16.058567,47.368421052631575,99.64539007092199,100.0,70.0354609929078,55.04385964912281,42.32081911262799,42.67022952922217,3.182074784764704,0.924515070270958
6,pitch,47.995000000000005,-3.5200009999999997,-1.4854990000000008,2.695692923489673,4.98084075,372.0,1.7040729999999993,48.411151019559355,7.069221597924586,12.797995,62.96296296296296,99.31389365351629,100.0,45.62607204116638,60.56603773584905,31.33116883116883,36.053029635105034,2.9538068346566235,1.1614680735014957
6,pitch,48.805,7.799999000000001,3.021237,4.610406674019579,9.266548199999997,136.0,3.7904039999999997,48.594929307042214,18.929032043668684,34.1461063,19.047619047619047,99.84126984126985,100.0,23.015873015873016,58.11808118081181,40.62992125984252,96.53806162927951,2.1705367511280573,1.2256215840408213
6,pitch,49.835,6.84,-0.42559000000000013,2.757688998710194,4.906236099999999,231.0,0.08068899999999957,1.1796637426900523,8.362941752514969,17.1482356,34.78260869565217,99.81981981981983,100.0,55.85585585585585,59.128630705394194,29.91304347826087,42.65100212198026,1.2317241843197257,1.2846724505983327
6,pitch,51.274,-6.4399999999999995,1.749301,0.522229998239274,0.8658114999999998,297.0,3.6238189999999992,56.27048136645962,11.104482649002716,18.2228195,21.052631578947366,100.0,100.0,98.81656804733728,66.90997566909975,37.18199608610567,56.6328606470114,3.9102010711161426,1.410468774770169
6,pitch,56.414,-7.170586,1.5031189999999999,3.6248352095487313,5.800574649999999,566.0,5.006005,69.81305293598041,5.973841541392108,11.696880799999995,9.090909090909092,94.68085106382979,100.0,57.446808510638306,57.42971887550201,29.411764705882355,30.466591229157164,6.2353822031560355,1.0659866943983687
6,pitch,57.394,9.430531,-0.917427,4.499920999281488,7.92155375,471.0,9.541928999999998,101.18124843659385,7.774403142203218,14.558800949999995,10.526315789473683,96.35761589403974,100.0,51.49006622516556,62.33009708737865,26.875,39.649455228712156,6.452746910905471,1.125145715123586
6,pitch,58.214,-5.7813110000000005,5.121685,3.526515018767758,7.1583285,0.0,3.837261,66.37354399374121,12.24243886525186,21.464865,33.33333333333333,99.19484702093398,100.0,62.80193236714976,60.0,35.182250396196515,62.43643733574846,6.260096081646558,1.365586519118574
6,pitch,60.014,-4.7100219999999995,-0.398158,1.6225934251592444,2.6061896499999997,259.0,0.8908360000000002,18.9136271550324,6.087705814001694,10.75320125,70.27027027027027,95.06398537477148,100.0,65.44789762340037,60.2910602910603,30.103806228373703,31.047299081216476,7.635824117870868,1.8324964998961257
6,pitch,61.153,-4.568176,-0.865556,1.8841448156897602,3.0668253999999995,252.0,0.0,0.0,6.647524830551641,13.899234999999997,52.77777777777778,93.89179755671903,100.0,39.61605584642234,62.6746506986028,30.47001620745543,33.90237623698601,7.556861236434318,1.8054948303898901
6,pitch,62.013,-4.272417000000001,-1.1369039999999995,2.251975756128059,3.2390581,426.0,0.0,0.0,9.188257141346616,17.5979663,60.60606060606061,95.35655058043118,100.0,22.885572139303484,61.04868913857678,30.818619582664525,46.860110558715164,7.00771310084132,2.093180446004761
6,pitch,63.513,21.154753,-2.367243,5.100352249430788,8.5699429,381.0,4.143506000000002,19.586643247500938,12.390271449831305,24.770247599999983,71.875,96.36363636363636,100.0,11.074380165289256,63.26923076923077,32.21690590111643,63.19038349708374,5.1221373357775715,1.3949529126609836
6,pitch,64.333,-9.571788999999999,-4.2701139999999995,3.878655796425012,6.552291,251.0,1.6420860000000008,17.155476369151064,9.570587770836594,16.816691,61.111111111111114,97.70867430441899,100.0,81.83306055646482,59.11602209944752,36.817472698907956,48.809996690423375,4.899056033427293,1.1792490922016219
