flight,flight_name,axis,state,samples,duration_s,angle_err_mean_deg,angle_err_rms_deg,angle_abs_err_p95_deg,angle_abs_err_p99_deg,angle_target_min_deg,angle_target_max_deg,angle_meas_min_deg,angle_meas_max_deg,angle_lag_ms,angle_corr,angle_output_rms_dps,angle_p_rms_dps,angle_i_rms_dps,angle_d_rms_dps,angle_ff_residual_rms_dps,angle_output_help_pct,angle_p_help_pct,angle_ff_with_sp_rate_pct,gyro_err_mean_dps,gyro_err_rms_dps,gyro_abs_err_p95_dps,gyro_abs_err_p99_dps,gyro_lag_ms,gyro_corr,gyro_output_rms,gyro_p_rms,gyro_i_rms,gyro_d_rms,gyro_output_help_pct,gyro_p_help_pct,gyro_i_help_pct,gyro_d_damping_pct,gyro_d_opposes_p_pct,gyro_ff_residual_rms
1,first_baseline_ff012_no_roll_i_d,roll,all_active,64127,90.444,0.13497792062625724,3.8234845079571906,8.926133099999987,16.264669,-20.0,20.0,-22.205173,22.882675,93.0,0.9448373154688589,25.47675107932589,24.852649304556284,0.0,0.0,4.187174651411353,98.0119189511323,100.0,32.332155477031804,0.4166767450060036,17.87309082478062,40.701693399999996,64.4808326199999,42.0,0.905344574977341,86.62656172554111,86.62656172554111,0.0,0.0,90.64671814671814,90.64671814671814,0.0,0.0,0.0,0.0
1,first_baseline_ff012_no_roll_i_d,roll,quiet_center,41015,90.444,0.06972067831281238,1.6724253722240185,3.5907484,4.584821780000002,-5.8,2.2,-13.083826,19.297762,0.0,0.210067790020212,10.84330070285566,10.870764901883227,0.0,0.0,2.2691212803642613,99.02378592666005,100.0,28.732747804265994,-0.3648872100938682,11.911442760589354,25.76434509999998,36.167317480000015,75.0,0.3180972153801981,81.00250312227308,81.00250312227308,0.0,0.0,85.3879212847772,85.3879212847772,0.0,0.0,0.0,0.0
1,first_baseline_ff012_no_roll_i_d,roll,rapid_step,48123,82.871,0.22847378521704792,4.371987742764027,10.970103,17.185562,-20.0,20.0,-22.205173,22.882675,93.0,0.9634802942593107,29.083646860967995,28.417920335287832,0.0,0.0,4.528492184923028,97.46068082580864,100.0,32.861736334405144,1.751564114332024,20.07228659233987,45.28064260000001,68.67788392,42.0,0.9178594183058623,78.7184547258329,78.7184547258329,0.0,0.0,98.85022952507614,98.85022952507614,0.0,0.0,0.0,0.0
1,first_baseline_ff012_no_roll_i_d,roll,large_angle,11546,74.489,0.02619973428027023,7.478173480320943,16.601137,19.252742349999995,-20.0,20.0,-22.205173,22.882675,70.0,0.9468606621088415,49.45258576092372,48.60812764828199,0.0,0.0,7.562791991620537,96.32483173928445,100.0,31.79611650485437,-2.0308541274900396,27.24703391042693,60.70478049999999,90.85937849999976,18.0,0.8677661223206049,103.53872756967401,103.53872756967401,0.0,0.0,100.0,100.0,0.0,0.0,0.0,0.0
1,first_baseline_ff012_no_roll_i_d,roll,stable_hold,55886,90.444,0.1603461658733851,1.765996208922781,3.770136,4.8083944500000015,-20.0,20.0,-22.205173,22.882675,0.0,0.9343981456110682,11.252531658143887,11.478975343340093,0.0,0.0,2.6730171099354103,98.24195906432749,100.0,30.334572490706318,-0.014414266900475876,11.540913774704574,24.63171575,34.75907770000001,34.0,0.4933421110137675,72.3542506226565,72.3542506226565,0.0,0.0,89.23612396786018,89.23612396786018,0.0,0.0,0.0,0.0
1,first_baseline_ff012_no_roll_i_d,pitch,all_active,64127,90.444,0.13665983231712067,3.195663041437176,7.365544,13.552216,-20.0,20.0,-20.368223,19.23554,88.0,0.9711740415504521,21.21334852268705,20.45224389321972,0.0,0.0,3.2445054725544775,98.29202249531347,100.0,34.03247631935047,1.4152490462519687,13.763305226730214,26.020501499999988,47.258149299999936,30.0,0.8962202389522,78.75954892218907,79.5517193230347,2.1294215039412467,0.0,90.44296214745977,90.52553184599942,57.181944759252666,0.0,0.0,2.423466351953989e-06
1,first_baseline_ff012_no_roll_i_d,pitch,quiet_center,44724,90.444,0.2452542532868259,1.3793908056582598,2.864499,3.7098156499999924,-0.5,7.5,-18.947367,13.030847,28.0,0.6352759333505037,9.271172506603504,8.82810150235741,0.0,0.0,1.7778866238830071,98.46997557491129,100.0,31.52,2.221540660093015,10.549980753127118,19.756509599999998,28.63228009999992,14.0,0.2977270982159575,74.19487746269596,75.38525011361396,2.1384131041250494,0.0,86.33029872639642,86.38850729935504,60.532259191133676,0.0,0.0,2.4780315571798804e-06
1,first_baseline_ff012_no_roll_i_d,pitch,rapid_step,44182,82.871,-0.105115446064008,3.776555559926992,8.741186,14.996471720000015,-20.0,20.0,-20.368223,19.23554,88.0,0.9759910783577106,24.929206308633667,24.169956031319664,0.0,0.0,3.7536700376910974,97.71903744309208,100.0,35.38461538461539,-0.4732074076320674,15.297881710976812,29.849866999999918,54.19431021000021,31.0,0.9218373240394241,72.4492621536667,72.60409203884697,1.9427124278777748,0.0,98.53715898400752,98.65004703668862,49.40263405456256,0.0,0.0,1.962541341014007e-06
1,first_baseline_ff012_no_roll_i_d,pitch,large_angle,8233,76.10300000000001,-0.21924462650309728,6.932976252594266,15.288287599999997,21.416234840000012,-20.0,20.0,-20.368223,19.23554,60.0,0.9396827203375038,45.32422758969523,44.371048827765684,0.0,0.0,6.641053793918751,98.57814045499505,100.0,39.6600566572238,3.037227248390623,21.167913931564286,46.307677399999996,82.84581296000013,10.0,0.8994799578590497,97.7524347879185,97.3724022212221,2.2594265574970867,0.0,99.7741247333417,100.0,56.581754297904375,0.0,0.0,2.470548002927512e-06
1,first_baseline_ff012_no_roll_i_d,pitch,stable_hold,57842,90.444,0.13160838601708102,1.6061599900162673,3.419768,4.730376159999998,-20.0,20.0,-20.368223,19.23554,1.0,0.9554773919167796,10.527022680106057,10.279424243661087,0.0,0.0,2.1777684757508866,98.15266767613788,100.0,32.139883430474605,1.65685883703883,10.55011817168182,20.037306899999983,28.469169019999974,24.0,0.5545923337144909,69.23401909765221,70.20176978267081,2.0921781886982496,0.0,89.40122023648831,89.4786098662779,57.930637294602526,0.0,0.0,2.2683465562630324e-06
2,second_angle_ff_off,roll,all_active,92009,123.327,0.30274735357410687,2.9383333150225117,6.0130066,10.397165599999996,-20.0,20.0,-21.634773,23.382479,102.0,0.9622387347494632,19.081260814485027,19.09916654910855,0.0,0.0,2.047989564223387,98.77200983281982,100.0,34.67766575007638,1.742826326533274,13.811139810170456,27.582881799999996,47.79764576,47.0,0.8784432049244201,61.83585507983077,61.83585507983077,0.0,0.0,99.93873591776999,99.93873591776999,0.0,0.0,0.0,0.0
2,second_angle_ff_off,roll,quiet_center,42853,123.327,0.154568643058829,1.5684903043407177,3.2444616000000015,4.747959,-5.738629,2.2,-10.580309,7.675907,25.0,0.5078367268338444,10.085362535054433,10.19518690124079,0.0,0.0,0.9929702744974744,99.05101401801628,100.0,34.56464379947229,1.2077344853802534,10.11884902334714,20.6562718,30.751034640000043,9.0,0.4471683741522227,61.82711778533983,61.82711778533983,0.0,0.0,99.9260919908354,99.9260919908354,0.0,0.0,0.0,0.0
2,second_angle_ff_off,roll,rapid_step,75187,120.12700000000001,0.3420601757484671,3.20976892799182,6.471286,10.970776299999997,-20.0,20.0,-21.634773,23.382479,102.0,0.9739636524210762,20.854666914930956,20.863498047317464,0.0,0.0,2.2555832394049085,98.60105601219314,100.0,35.112453843571664,2.066523849043053,14.86328549454923,29.84372249999999,50.65393537999999,47.0,0.8905483603924514,58.473812915775376,58.473812915775376,0.0,0.0,99.92530087148982,99.92530087148982,0.0,0.0,0.0,0.0
2,second_angle_ff_off,roll,large_angle,18563,110.059,0.4998369383181598,4.696726511959277,10.027297399999988,17.479713,-20.0,20.0,-21.634773,23.382479,68.0,0.916672130445822,30.31685710438053,30.528722387823862,0.0,0.0,3.3451570967237134,98.55835114838568,100.0,29.420505200594356,-1.4400452090179385,18.435737238311468,36.57876409999997,71.6398525800001,9.0,0.802349576513452,70.05580063499032,70.05580063499032,0.0,0.0,100.0,100.0,0.0,0.0,0.0,0.0
2,second_angle_ff_off,roll,stable_hold,81831,123.327,0.3780917187984994,1.850186181852028,3.966311,5.137652599999999,-20.0,20.0,-21.634773,23.382479,7.0,0.9393341751501356,11.811136380642479,12.026210137436303,0.0,0.0,1.5214014838315215,98.70963696783498,100.0,33.44109195402299,1.5633299078711,10.623926643067376,21.687347000000003,32.01140279999999,40.0,0.6964444965212759,53.45412790061088,53.45412790061088,0.0,0.0,99.96157639253558,99.96157639253558,0.0,0.0,0.0,0.0
2,second_angle_ff_off,pitch,all_active,92009,123.327,0.1818753755610864,2.645137883320951,5.66117199999998,8.403623039999985,-20.0,20.0,-20.998125,19.048702,92.0,0.9822292447851757,17.044992945167998,16.92888262287914,0.0,0.0,1.6903524303289186,98.40420759879784,100.0,34.09500901984366,1.4340399291591042,12.860586393605871,30.559294199999997,37.173523599999996,33.0,0.8146015424630343,53.777320751544316,53.770114750075635,3.127374730567695,0.0,96.06641673556761,96.6610413292408,55.36577907147954,0.0,0.0,1.426506395709972e-06
2,second_angle_ff_off,pitch,quiet_center,49377,123.327,0.43681263272373777,1.796169457517714,4.651139,4.651139,-0.5,7.5,-12.02125,12.730672,16.0,0.6864079483744888,11.720871916202093,11.495484400391266,0.0,0.0,1.1500152764008595,98.43792935805027,100.0,32.7247191011236,2.7816063468213943,12.137432863657063,31.4034504,32.7659122,8.0,0.4013656637719774,45.767095637279716,46.03230388024056,2.727973908618514,0.0,93.43994916331285,93.7852149968227,58.73120101673375,0.0,0.0,1.232159479870739e-06
2,second_angle_ff_off,pitch,rapid_step,73699,120.12700000000001,0.015251844909700265,2.8182233768000144,6.101964,8.821229160000003,-20.0,20.0,-20.998125,19.048702,92.0,0.9843894176395753,18.08546209125874,18.03662988921617,0.0,0.0,1.856252122075448,98.27203022558062,100.0,34.8433242506812,0.2633680929320617,12.787481798119632,26.409527499999996,39.00735264000008,33.0,0.86034852107754,57.089363196360104,56.962378531299,3.2298532996137856,0.0,98.45997487401719,99.17705348446565,52.33968070239826,0.0,0.0,1.5158560317871325e-06
2,second_angle_ff_off,pitch,large_angle,16944,111.35900000000001,-0.5083223021718603,3.6967311121537043,7.52148514999999,13.645341579999998,-20.0,20.0,-20.998125,19.048702,37.0,0.8985079418524587,23.55427363862887,23.65907953458772,0.0,0.0,2.2768832895836906,98.64364244741873,100.0,31.358381502890175,0.4863164538479699,12.93548433201635,26.438933299999974,38.3214578,0.0,0.8616528709605324,59.842480259544296,59.503226693493104,4.197904793340321,0.0,98.5634477254589,100.0,51.556264964086196,0.0,0.0,1.608724883487519e-06
2,second_angle_ff_off,pitch,stable_hold,83564,123.327,0.15356186789765927,1.9052519337105698,4.651139,4.982489,-20.0,20.0,-20.998125,19.048702,9.0,0.962312543597076,12.20871401433299,12.193612400637562,0.0,0.0,1.4053542600836695,98.29563752570168,100.0,33.36798336798337,1.5606437809104399,11.544252033150531,26.71551814999997,32.06997226,27.0,0.613149644109294,47.222859341631185,47.22422431725444,3.07881438730497,0.0,95.71321415176897,96.33204150518814,55.830728841105135,0.0,0.0,1.2804474755087454e-06
3,third_higher_angle_p_low_ff_inner_i,roll,all_active,148494,199.573,-0.06596933782509731,4.193000924749695,8.963265000000007,18.325403870000034,-20.0,20.0,-21.895134,24.589174,101.0,0.9675971669695886,30.08064198495598,29.770306225185248,0.0,0.0,4.924343420055799,97.74303636564608,100.0,32.239382239382245,-0.3711104497959512,20.836018857605595,42.210187050000016,88.61629524000007,45.0,0.9335408297099503,84.34209690589377,84.07886733149223,4.540731176879953,0.0,95.59152059274614,97.75199064379908,50.495472467137745,0.0,0.0,2.1609668907660063e-06
3,third_higher_angle_p_low_ff_inner_i,roll,quiet_center,53277,199.573,-0.38823249659327674,1.940306212400199,4.562454,4.562454,-5.789286,2.2,-9.466168,7.527789,28.0,0.6172253625836833,13.923538890822334,13.776174212762301,0.0,0.0,1.631610069061863,97.93594444121128,100.0,23.920086393088553,-2.1975997565929006,13.378056508534115,34.1846008,34.32261524,30.0,0.4465711673035489,49.22756873614629,48.68507362017648,4.5066683918131645,0.0,91.3103366850981,93.68346484582538,45.53808614888133,0.0,0.0,1.2957182645915412e-06
3,third_higher_angle_p_low_ff_inner_i,roll,rapid_step,127340,195.768,0.03903873968902152,4.465160776201648,9.678059999999993,18.640578220000002,-20.0,20.0,-21.895134,24.589174,101.0,0.9720683737316183,32.00339857997222,31.70264110775821,0.0,0.0,5.307945917424285,97.51786416020403,100.0,33.60944659851957,0.4537262046411181,21.771573408690735,46.120679049999794,94.48718453000001,45.0,0.9474053262669426,89.22361272824762,89.00060549971411,4.567844119702284,0.0,97.52841186622814,99.53352437396204,52.74349539223029,0.0,0.0,2.287972938333128e-06
3,third_higher_angle_p_low_ff_inner_i,roll,large_angle,29478,192.40200000000002,0.032314545491553014,7.680939769850606,18.344892749999985,21.785923,-20.0,20.0,-21.895134,24.589174,75.0,0.9041632951410158,54.383981629730044,54.53467165201086,0.0,0.0,9.64736705672666,97.66716908742121,100.0,33.71278458844133,-4.248565164766944,35.87903185568131,88.31898684999997,123.52721566999998,30.0,0.861947173812621,146.65031435300554,147.10402719296766,4.262498484872537,0.0,99.04304567124991,100.0,45.95453603261245,0.0,0.0,3.6640644198105673e-06
3,third_higher_angle_p_low_ff_inner_i,roll,stable_hold,122681,199.573,-0.057994793912667805,1.8727881752634956,4.28477,4.739178799999998,-20.0,20.0,-21.895134,24.589174,1.0,0.9467501884451816,13.050609555918397,13.29679600153933,0.0,0.0,2.533987535041934,97.59206203842955,100.0,28.903918838273324,-0.5003038337884431,12.081816335201271,26.790892,34.2948722,34.0,0.65953224572106,47.17792143747521,46.653711112379064,4.548307019280216,0.0,94.79225322071497,97.26132582544152,50.44108864431362,0.0,0.0,1.2777865881982495e-06
3,third_higher_angle_p_low_ff_inner_i,pitch,all_active,148494,199.573,0.013227171077619304,3.6588862932405815,6.97386330000001,17.483674310000048,-20.0,20.0,-21.647396,19.815166,91.0,0.9780637076630458,25.976756013162298,25.6122040416895,0.0,0.0,4.248701608364862,97.74714213067132,100.0,34.437299035369776,0.1606423688835913,16.164086663919388,26.738126200000032,75.69842519000001,33.0,0.9504073944862278,97.25873699079473,96.7754497668881,3.7873481531431983,0.0,98.79348552534384,99.95427204615007,52.65257307678779,0.0,0.0,2.3118157462460484e-06
3,third_higher_angle_p_low_ff_inner_i,pitch,quiet_center,67845,199.573,0.1970983148500258,1.3915965385935203,2.900085,4.302090839999999,-0.5,7.5,-19.348827,19.813284,24.0,0.7775586473408003,9.709060311671767,9.741175813273577,0.0,0.0,2.191293251733225,97.8387634209552,100.0,29.008567931456547,1.2851052518240105,8.182459261377122,16.60465459999999,23.10822599999997,1.0,0.7021711645867672,92.74774334739786,91.48741950009905,3.4198303328627833,0.0,98.95649481343861,99.89936522681529,60.6703824121381,0.0,0.0,1.9057186578628687e-06
3,third_higher_angle_p_low_ff_inner_i,pitch,rapid_step,128184,195.768,-0.01970798673781441,3.9308719046328595,7.672242,18.19711920999994,-20.0,20.0,-21.647396,19.815166,91.0,0.9784149322880767,27.914680539691155,27.516103314711266,0.0,0.0,4.548896723259253,97.57338834616341,100.0,35.873347251217815,0.007973134338138869,17.225538157253094,29.97861589999992,79.06609734999999,33.0,0.9533723465012348,88.26124723561503,88.11958878230759,3.7707276671825767,0.0,98.795592519653,99.9471037255253,50.83901629205254,0.0,0.0,2.247181971705494e-06
3,third_higher_angle_p_low_ff_inner_i,pitch,large_angle,22199,168.173,-0.5426604559664849,7.924788934262963,18.9560819,23.1754659,-20.0,20.0,-21.647396,19.815166,77.0,0.9449818238848832,55.58556036588672,55.473522495622476,0.0,0.0,9.339047832062382,97.94595084791875,100.0,30.158730158730158,3.0491578056669217,32.926263066896674,81.05914069999997,119.35933206000001,22.0,0.8914663883762862,161.59022838049202,161.3386922029227,3.864776327501631,0.0,98.82418552772226,100.0,54.561509504113026,0.0,0.0,4.099185830659693e-06
3,third_higher_angle_p_low_ff_inner_i,pitch,stable_hold,129845,199.573,-0.056570759520967316,1.6039136870013118,3.4423103999999913,4.623856359999999,-20.0,20.0,-21.647396,19.813284,2.0,0.9535706636200691,11.074307395437321,11.227395820720881,0.0,0.0,2.592483162767889,97.46929691127728,100.0,32.98759029449898,0.2685951701567253,8.841779733485547,17.7529388,25.114339719999965,23.0,0.7818363398891776,74.30706861622491,73.55572552200044,3.8418365774783196,0.0,98.70234805513809,99.94747984033872,53.77175546613662,0.0,0.0,1.6406781770909217e-06
4,fourth_small_gyro_d,roll,all_active,115210,153.865,0.09868926380522526,2.525017231254655,4.766891,10.120487,-20.0,20.0,-19.447306,19.749481,100.0,0.9562192019935917,17.38624677863379,17.17011763859284,0.0,0.0,2.097489142945747,98.40421723409587,100.0,28.93665158371041,0.51561107718948,12.368715124740458,24.31102719999999,43.038712350000004,44.0,0.8787082085964607,49.63826203591944,49.53711846570554,1.9578421494917246,0.7019066410888256,99.5050044504187,99.9382390873917,51.900056311420315,60.580917993866855,36.525475219165,1.7437576988324447e-06
4,fourth_small_gyro_d,roll,quiet_center,53686,153.865,-0.25936000366948553,1.4178937887000882,3.0500374999999997,4.2477257500000025,-5.72,2.2,-10.961486,15.677117,55.0,0.6385990016718601,9.602823579963179,9.64167799425626,0.0,0.0,1.1934806824044895,98.51366500444547,100.0,24.958494742667405,-1.1028978699660992,9.664014123703433,20.28198125,30.06767935000003,35.0,0.5212396992117332,38.762950168015905,38.86044345838986,2.088865431700747,0.7100100418763271,99.34125649947222,99.87294264826616,45.523671761992254,60.01139508383526,36.60544648511716,1.3856667247554038e-06
4,fourth_small_gyro_d,roll,rapid_step,92337,152.123,0.1853182430769897,2.7869624997840683,5.344004,11.717746,-20.0,20.0,-19.447306,19.749481,100.0,0.9643583968426309,19.191450062129988,18.95134552229672,0.0,0.0,2.3323393510001065,98.16203842606483,100.0,29.04488517745303,1.1206530760583517,13.407145279311889,26.648346599999996,46.58853803999999,44.0,0.8911499725776938,53.78501162226342,53.62307343183307,1.913825358969861,0.6926253034081085,99.53274192456152,99.92325229678788,54.94909821448726,61.15463917525773,36.85521513586103,1.8797093768905983e-06
4,fourth_small_gyro_d,roll,large_angle,13149,145.036,0.585249668035592,5.222364902516325,13.289512,19.46701892,-20.0,20.0,-19.447306,19.749481,67.0,0.8926857802545518,35.82947399273039,35.512082326765224,0.0,0.0,4.29409558351623,98.63308247581017,100.0,32.11009174311927,-1.0717827557228687,20.166683024633183,40.95876599999991,82.9953666,17.0,0.8535008687850411,80.71745362606325,80.66673216241136,1.937256101572005,0.7950268370685133,99.7888645605255,100.0,55.638098217078515,61.49911264223823,40.596243060308765,2.762426208108447e-06
4,fourth_small_gyro_d,roll,stable_hold,107231,153.865,0.12500324824910708,1.5469167749844306,3.3178895,4.547827699999995,-20.0,20.0,-19.447306,19.749481,4.0,0.9259237683491757,10.43460601809811,10.51903434838121,0.0,0.0,1.4184309111176707,98.35014985496352,100.0,27.218934911242602,0.33593038388152685,9.717392397747536,19.988724,29.505405200000002,39.0,0.6837851945842026,39.12143150934709,38.971470827891565,1.9410449767889315,0.6888395526595881,99.4794367740736,99.93639735021576,51.74124485063162,60.23999786193441,35.76577668771158,1.4158776285402923e-06
4,fourth_small_gyro_d,pitch,all_active,115210,153.865,0.06439749278708444,1.6675077885305651,3.6006207499999934,6.155728,-15.74,15.0,-14.738012,14.093896,86.0,0.9774624178838808,11.305954143325192,11.172301845626063,0.0,0.0,1.410020096538473,97.94605677374871,100.0,27.84184514003295,0.36613266097560976,9.400092649979502,18.179895199999997,28.94742425000001,32.0,0.7852087172889964,48.27307851446001,47.09142733711043,6.883735427859494,1.3279952165942503,95.59347099742564,99.9698745686586,52.995198188822556,59.70577797851405,29.71964239215346,2.0717115011971182e-06
4,fourth_small_gyro_d,pitch,quiet_center,83543,153.595,0.22052381106735452,1.0645105465848648,2.0865851999999996,3.769612,-0.5,7.474963,-8.94162,12.057755,41.0,0.7621602274286404,7.131934030553803,7.1322203947529355,0.0,0.0,0.9935212787790711,98.0467862820804,100.0,25.91362126245847,1.3029676545730942,7.532992938728695,14.619876399999992,20.711460100000007,16.0,0.5736176224235501,42.2069453541182,40.0274530560153,6.759197086719379,1.3226857493230912,95.23453820345635,99.98100905235171,57.73627904032411,59.688813377447914,28.35665465688328,2.042736719293687e-06
4,fourth_small_gyro_d,pitch,rapid_step,86695,152.123,0.01791643799527075,1.881997376029469,4.103027,6.455009,-15.74,15.0,-14.738012,14.093896,86.0,0.9810356551332082,12.775564999128763,12.609382067506706,0.0,0.0,1.6015835244156413,97.71412866838735,100.0,27.160847166571266,0.07120987575984777,10.122606126539885,19.855991600000014,30.684900079999945,32.0,0.8112919526979882,49.84799283370125,49.009655125265155,6.803524971145299,1.3509223144897202,95.94960584224017,99.96010059486386,51.47869613580307,59.88106389622187,31.215179652805812,1.9298888172206008e-06
4,fourth_small_gyro_d,pitch,large_angle,6599,95.342,-0.9464078067889076,3.0675128110781733,6.4205155999999795,11.158487119999995,-15.74,3.5,-14.738012,-1.452383,82.0,0.6811604436560225,20.795039259860932,20.552335305327095,0.0,0.0,2.6913954486483336,97.10595923447954,100.0,28.99628252788104,-2.426951058342173,15.061115453608798,28.221452099999993,47.47131419999999,6.0,0.7402161600021181,71.86191787984689,72.29335707578235,7.820652163478812,1.4331357296105327,97.66759345072597,100.0,35.063330244053134,59.40409683426443,36.36914684043037,2.4156320235116545e-06
4,fourth_small_gyro_d,pitch,stable_hold,110844,153.865,0.04940148867778138,1.3106779582448584,2.8399284000000002,4.253264549999994,-15.74,15.0,-14.738012,14.093896,29.0,0.9555713019334935,8.7509472267523,8.78154203040331,0.0,0.0,1.2331594555347216,97.89067001690864,100.0,26.681614349775785,0.3730636420735447,8.534525201523474,16.792838799999995,25.59432505999997,27.0,0.6571068171716803,44.84661550909443,43.59309395294788,6.878094496773619,1.320169797014398,95.50253237929626,99.98574645799481,53.10014538612845,59.70551707933809,29.610984807477177,2.0007576786709305e-06
5,fifth_strong_self_level,roll,all_active,108064,139.911,-0.20473194389435895,2.2847158779596812,4.118509,8.138937,-20.0,20.0,-20.992558,25.182804,82.0,0.9691437599822801,17.596099745923205,17.363840074339244,0.0,0.0,2.2577114352082712,98.0511282192457,100.0,34.07332660612176,-1.5914282624648355,14.966261707542536,26.25563919999997,50.25266865999994,46.0,0.7722566215448103,58.392317280139366,58.68468270475914,1.606644386231203,0.8626952566319522,99.8684766330018,100.0,48.65116546983603,59.63336492354697,40.6074178264732,2.010015269969826e-06
5,fifth_strong_self_level,roll,quiet_center,51191,139.911,-0.6473640360414918,1.884517237442318,3.178429,4.174185,-5.8,2.2,-8.992258,6.11367,42.0,0.4652252305212541,14.268251073707612,14.32232988265806,0.0,0.0,1.2852457717069254,98.5408326661329,100.0,33.45421577515866,-4.343833366431599,14.540252566943277,24.4126225,34.22986559999999,45.0,0.3569007759788652,50.989570536383745,51.56139675362614,1.6489433352210547,1.0427435244702061,99.90102209833151,100.0,49.42229224740436,58.9336938243925,45.05284131976324,1.7216150869311292e-06
5,fifth_strong_self_level,roll,rapid_step,89294,127.495,0.029859957399153363,2.3253142227396584,4.501198,8.830542169999932,-20.0,20.0,-20.992558,25.182804,82.0,0.9801305886020996,17.944454104965825,17.67238781827601,0.0,0.0,2.480479781238749,97.66645208754828,100.0,34.403669724770644,0.23468197938271365,14.734523079858151,28.30482519999999,54.85739875999995,45.0,0.8295090551711872,61.45702850315833,61.49078886999898,1.5341167388384296,0.6831329212971475,99.84972391137205,100.0,51.22783718925468,59.59820003829706,36.88265728940354,2.140751343483225e-06
5,fifth_strong_self_level,roll,large_angle,18146,111.193,0.10909934966383772,3.3199893971564087,7.74800775,13.726463349999987,-20.0,20.0,-20.992558,25.182804,29.0,0.9695425645227093,25.435994808014705,25.231919044531345,0.0,0.0,3.6412355533699023,97.87043263842187,100.0,33.652007648183556,0.9850820766560122,17.057396618366067,30.815126250000002,76.80023104999992,24.0,0.8233965955911959,71.55051093958512,71.64106236850856,1.4935814407045425,0.6901524369661834,99.89725440949826,100.0,46.526628232205034,59.92557715674363,38.32249531577207,2.461060123161611e-06
5,fifth_strong_self_level,roll,stable_hold,101222,139.911,-0.17093884635751122,1.699367149016593,3.1995108,4.181815,-20.0,20.0,-20.992558,25.176945,0.0,0.9603973275107204,12.858627882096073,12.915189638241792,0.0,0.0,1.5547673413706253,98.06242070540472,100.0,32.46606334841629,-1.7750074343620952,12.625406099599747,23.64273195,31.47514733,41.0,0.5408339929110567,47.336981634953176,47.64734186003782,1.6252098357586602,0.8631908880690582,99.86035670647185,100.0,49.2530110585167,59.20120871741652,40.25310703206812,1.6362799346769193e-06
5,fifth_strong_self_level,pitch,all_active,108064,139.911,-0.006313959625777304,1.8055967559202468,3.9002577,6.760930649999985,-20.0,20.0,-20.271112,18.664755,80.0,0.9783530705999137,13.627917967160245,13.361416206153965,0.0,0.0,2.256282813316905,98.02054599067822,100.0,36.2611073137389,0.37350119457913833,10.31516509430739,20.74968304999999,32.14062009999997,32.0,0.8506191499350942,93.30853717028836,95.14975438593804,7.307614583172525,1.5090275355256402,96.76893705646405,99.86790342486887,49.933469608145636,59.62157369961501,29.55193218833284,2.1474637385093486e-06
5,fifth_strong_self_level,pitch,quiet_center,48541,139.911,0.11150166148204614,1.121631149075501,2.225803,3.410817,-0.5,7.5,-5.82951,11.467121,15.0,0.5413145556102285,7.912951273659737,8.300070728580224,0.0,0.0,2.0923840039209556,98.47887086225448,100.0,35.97222222222222,1.1826891484930266,9.040350616291118,18.421345,28.529939199999994,5.0,0.4612255944572605,124.12047215179882,127.55790233401048,7.187512431053658,1.5449151947584883,97.78633301251203,99.73264891455459,51.16885894556732,59.754037635205215,25.93271667250366,2.308605511595751e-06
5,fifth_strong_self_level,pitch,rapid_step,88855,127.256,0.01042104538855439,1.9575508820232561,4.208434,7.099703,-20.0,20.0,-20.271112,18.664755,80.0,0.9859452463306941,14.8886011353144,14.485876725872014,0.0,0.0,2.173203131514821,97.67409519173938,100.0,35.95544726766447,0.21863063314388612,10.958642151613896,22.00416110000002,33.72930962000015,32.0,0.8639474428354043,60.41672287154459,59.852178229120476,7.090271671793277,1.5352788928822425,96.25333788187133,99.83884059334895,51.78628145255209,59.51921220312801,31.9171684204603,1.995586260739709e-06
5,fifth_strong_self_level,pitch,large_angle,20812,85.628,-0.31391834715548717,2.292089452804762,4.5888826,8.149562939999988,-20.0,20.0,-20.271112,18.664755,41.0,0.9387946281338033,17.530620256043992,16.96146216724207,0.0,0.0,2.515160781958688,97.83585735222276,100.0,39.87577639751553,-0.3245995858158755,11.355830119339558,21.647722350000002,32.297927259999966,0.0,0.8305883390051664,57.309848981726866,56.7791506275598,7.94023093112149,1.4187096743289749,95.71108343711083,100.0,45.34993773349938,59.306590935983905,33.75456467422641,2.0330726956167084e-06
5,fifth_strong_self_level,pitch,stable_hold,101099,139.911,-0.019332741134927157,1.3193295939093639,2.8258648999999996,3.9905918400000036,-20.0,20.0,-20.271112,18.664755,14.0,0.9658546692739358,9.628341435257513,9.76303917396433,0.0,0.0,2.0138226491082554,97.95070279079242,100.0,34.45181428014046,0.32795894250190405,9.107966738883217,18.153959299999983,26.42331590000008,28.0,0.7053121555047216,92.32767224797155,94.36698097834707,7.328420042375069,1.500630462132185,96.63633828708342,99.8709064433176,49.60084272273802,59.546879080699924,29.158547562290426,2.0130043329062326e-06
6,sixth_heavy_smooth,roll,all_active,70689,92.896,-0.1271041156474133,2.2144857852320685,4.527739,7.492368,-20.0,20.0,-20.843557,19.420561,106.0,0.953955795449995,13.869773203960031,13.7298114418746,0.0,0.0,1.4624057237325234,98.66745675015537,100.0,27.952453987730063,-0.7715867021743128,10.602364655709936,20.182495399999997,32.67900755999995,46.0,0.8132578739704488,44.278251040257025,43.57921433605463,8.134015206985854,0.6636946090181295,94.7182424572615,99.95729830812951,46.71417843417313,59.11789838084178,40.83945168272291,1.6167298614442937e-06
6,sixth_heavy_smooth,roll,quiet_center,40604,92.896,-0.5589404022510097,1.6642523256167185,3.4946580499999995,4.721718060000005,-5.651165,2.199437,-8.966187,7.165835,71.0,0.537527846149045,10.330295147762119,10.318364069188227,0.0,0.0,0.9901093325932173,98.97808019685138,100.0,23.368740515933233,-2.4809196860407843,9.739944309256725,18.531924749999998,28.37965634000001,36.0,0.49379245990101867,40.35943971574736,38.823380439106636,7.757023375035451,0.6593090830913253,95.41167148079037,99.94887656246007,50.56363589887785,58.876781910535804,44.71234361146685,1.4897773352770056e-06
6,sixth_heavy_smooth,roll,rapid_step,57358,83.071,0.01185455282610969,2.373915025502618,4.809087349999996,8.02272709,-20.0,20.0,-20.843557,19.420561,106.0,0.9698642763482715,14.869000087512362,14.718272705114783,0.0,0.0,1.6181586534195072,98.38778866089942,100.0,27.735163504238997,0.14046696832176822,11.007766408724532,21.82300855,34.406539480000006,46.0,0.8415861760141935,47.29084298896288,46.58637138690686,8.514708438726618,0.6708024928299955,94.0627959495884,99.94718438114664,48.788883222845485,59.21912114014252,36.0193870079152,1.70873769520813e-06
6,sixth_heavy_smooth,roll,large_angle,7259,70.488,0.7201135272076044,4.007005137944148,8.501996,14.7715466,-20.0,20.0,-20.843557,19.420561,33.0,0.9255585341149041,24.837683677580955,24.84343112617936,0.0,0.0,2.3625023766688633,99.29137140475198,100.0,37.117903930131,3.39587794062543,12.951937989052647,23.746425199999997,43.57491058,2.0,0.8587793018232568,54.02192290200099,55.693335906553344,10.112860261979824,0.6190381893915352,93.41992577790465,100.0,32.343705395375395,58.237166732988456,38.44882215181155,1.9400719886510654e-06
6,sixth_heavy_smooth,roll,stable_hold,67544,92.896,-0.04422562297169252,1.735584392655205,3.6858379999999995,4.914372,-20.0,20.0,-20.843557,19.420561,20.0,0.9175598743466817,10.743550367024545,10.760622890339691,0.0,0.0,1.244778012404897,98.62837418436709,100.0,27.161997563946404,-1.0364747648791899,9.469989665510223,18.132285449999998,27.483172319999976,42.0,0.674603884922728,39.769057749726905,38.85635731183299,8.110797422353246,0.6584454182953938,94.54020771284394,99.96913627876113,46.93909044613509,59.02165381596565,40.717162146156575,1.4697843041200467e-06
6,sixth_heavy_smooth,pitch,all_active,70689,92.896,0.25974433419626813,1.9454709110454171,3.734956999999971,6.862763719999951,-20.0,15.0,-19.362312,15.275863,101.0,0.9775485058144102,12.218193542936584,11.867372727076232,0.0,0.0,1.3059166270105413,98.40260750833198,100.0,27.2508038585209,1.8799984955367874,9.536164013594767,16.9123068,25.89185419999995,32.0,0.7739888212959082,46.963656155582676,47.02816650382747,6.4099646741463605,1.7116229738221427,87.5604349831154,90.63982981508755,58.475773939691464,59.00842760610432,27.055128803632815,2.1229685409095377e-06
6,sixth_heavy_smooth,pitch,quiet_center,50040,92.896,0.4738631162070343,1.3837609851153487,2.447681,4.069985,-0.5,7.498485,-6.471907,10.40545,59.0,0.7255930967867064,8.85900116318035,8.440942571196707,0.0,0.0,1.0368473111572651,98.46237299451295,100.0,20.804953560371516,2.9963299193045563,9.576794879869079,16.900985249999998,23.612674170000002,17.0,0.3816519243638321,46.82184416574582,46.988778475766644,6.345456133489023,1.8275310158992648,84.05580887142527,86.79372150196465,63.3754281271669,58.91591809406908,25.63749000799361,2.2806049780063446e-06
6,sixth_heavy_smooth,pitch,rapid_step,49301,85.331,-0.018133675239853167,2.1195682391387307,4.416569,7.648156,-20.0,15.0,-19.362312,15.275863,101.0,0.9831570651285365,13.145872470261327,12.92936610521251,0.0,0.0,1.421093479343418,98.03204238677937,100.0,28.515046867291566,-0.06688898257641838,8.999097594427841,17.443925999999998,28.813625000000002,31.0,0.8592343683879327,45.57228865698578,45.13395456245455,6.077045346327833,1.4766566374166372,95.39376564472305,98.7698166491945,51.34892278727455,59.01314965560426,29.571408287864344,1.7085400624930116e-06
6,sixth_heavy_smooth,pitch,large_angle,5111,63.283,-0.6909828125611427,3.4940228702217135,5.720186,14.449588,-20.0,3.5,-19.362312,-2.489262,89.0,0.8697685229574782,21.21781817734713,21.31353922988916,0.0,0.0,1.9710663108446276,99.08910891089108,100.0,35.648148148148145,-1.468163848366269,8.696627165477059,16.6903965,25.615372699999988,0.0,0.9115465677570779,43.84597033925444,44.352797771133716,6.962595006605548,1.3791868853765679,95.29217427214537,100.0,39.727441668387364,58.75991348233598,30.189786734494227,1.594109681797666e-06
6,sixth_heavy_smooth,pitch,stable_hold,68466,92.896,0.17276776636578736,1.541676327354291,2.926044,4.47718,-20.0,15.0,-19.362312,15.275863,25.0,0.9498584985337195,9.693561754065342,9.404225902713215,0.0,0.0,1.1526568676147566,98.36393989983306,100.0,26.12159329140461,2.118494454663629,9.133920646346136,16.89078575,22.64839400000003,30.0,0.6205236644308164,45.20630458371154,45.168574750969846,6.416382545068771,1.7215398976541467,87.22190618225427,90.33686443935363,59.10425731461694,58.93628721816325,26.820611690474106,2.093615701582344e-06
7,seventh_balanced_candidate,roll,all_active,114099,153.57500000000002,-0.1862916741426305,2.5702613696042462,5.435712,9.533993760000056,-15.0,20.0,-14.803818,19.499376,94.0,0.9394680787726376,14.704058327479428,16.706698762335147,0.0,0.0,7.847671063399486,97.88077795141868,100.0,36.28784554629224,-0.4119402780304821,11.52697369628398,22.158127999999984,41.56214614000007,45.0,0.8119245907187189,48.95645149794297,48.91772581901826,2.271280419512191,0.9617630308139625,99.49662121892851,99.99083098759432,54.69499280232526,59.453016356532686,37.62083804415464,1.7259197874012812e-06
7,seventh_balanced_candidate,roll,quiet_center,65644,153.57500000000002,-0.5714647990981657,1.9517606443832938,3.484274,5.254586649999997,-5.791626,2.2,-10.302481,12.199756,30.0,0.5551197419680944,9.468641735448001,12.686443858316178,0.0,0.0,7.7135088461834975,97.91891206492107,100.0,33.65253077975376,-1.6904167379806228,9.234979957606724,18.066430949999997,29.397756619999996,17.0,0.4639160162021172,39.84936565099053,39.871837851501,2.0157030908798794,1.0804280724785844,99.6122979721429,99.9840451840388,58.287729151044246,59.30038867295947,39.19931753092438,1.4112158128545331e-06
7,seventh_balanced_candidate,roll,rapid_step,83811,144.154,0.06106345138466309,2.8097298948452223,6.241694,10.45085,-15.0,20.0,-14.803818,19.499376,94.0,0.9546152192058802,16.6906983902189,18.26324430622251,0.0,0.0,8.27795131918178,97.29239443525158,100.0,37.5805651958354,0.4938350849411176,12.624997493051705,24.760748,44.80387389999997,44.0,0.8389142926747076,53.025462548283166,53.04780069750478,2.380716699186448,0.7984836684529697,99.45035040161898,99.98750796367317,50.685188192527264,59.726162366011515,34.952452542029086,1.8757983031931515e-06
7,seventh_balanced_candidate,roll,large_angle,12235,131.622,0.9003629145075602,4.551833895761346,10.804488399999995,13.65032,-15.0,20.0,-14.803818,19.499376,19.0,0.8430500082749774,25.606706270135227,29.586920358771824,0.0,0.0,14.945824158406467,97.33355279400872,100.0,45.633187772925766,-2.445991247731917,16.31341588028528,29.77206169999998,54.694491619999766,0.0,0.7815493755002253,69.20122303748751,68.5163434323669,3.232714508070076,0.7500024811378301,99.3627368774107,100.0,58.54435686734865,59.711808809746955,38.68410298324479,2.4470026199973706e-06
7,seventh_balanced_candidate,roll,stable_hold,106442,153.57500000000002,-0.15073767375659983,2.0452289504713788,3.623365,6.183374,-15.0,20.0,-14.803818,19.499376,8.0,0.9169094394315751,10.269792004081568,13.293987990585906,0.0,0.0,7.855712773270981,97.79642926450612,100.0,33.60774818401937,-0.7035862922342685,9.68319896086877,19.382828749999994,30.618912369999965,37.0,0.6324145283213989,41.38710915293107,41.311405544764554,2.239327631023346,0.971568165389063,99.48381504029001,99.99014914199027,55.071221703410366,59.33429604952746,37.38749741643336,1.476623683916662e-06
7,seventh_balanced_candidate,pitch,all_active,114099,153.57500000000002,0.051879114102665234,1.8036289459559147,4.093109,7.370757920000001,-15.0,15.0,-17.722296,17.255629,91.0,0.9699165003352436,11.38277209542368,12.084313613308105,0.0,0.0,4.909312681032402,97.85860956292169,100.0,36.15328994938539,0.43300219274489693,8.727816699529946,17.069053099999994,26.965664280000002,32.0,0.8027191641856858,42.991675581492004,42.4124248873003,3.1529566239504163,1.5267150810509607,99.05891452881268,94.40597432733567,53.612405384997885,58.9974322010992,33.14752977677281,1.5452576168967398e-06
7,seventh_balanced_candidate,pitch,quiet_center,87065,153.57500000000002,0.14810847764314017,1.1384770677910894,2.21497,4.286139040000003,-0.499219,7.5,-5.631036,11.863963,32.0,0.7214327253060416,6.909111166145046,7.627796159875826,0.0,0.0,3.9214982611864873,97.9567394933585,100.0,34.533143264433356,0.48894743037960153,7.552223923633144,14.777935000000001,21.714480440000006,2.0,0.498432316223704,37.12899570744993,36.4979612938675,3.1590559300060703,1.5011271171339011,99.05635235972477,92.64100203508092,53.61832541912976,58.86350991684586,33.619709412507895,1.359474496556864e-06
7,seventh_balanced_candidate,pitch,rapid_step,66846,143.804,-0.09585515496813574,2.2895933389191367,5.2665635,8.094338150000006,-15.0,15.0,-17.722296,17.255629,90.0,0.9699389389299783,14.37728520935374,15.34027494279398,0.0,0.0,6.401213482413454,97.30912577517282,100.0,37.676962676962674,-0.5083695559195763,9.762348313271625,19.28599,31.80236510000002,32.0,0.8564444866964874,48.20100093086418,47.755722156665826,3.161937679355309,1.5183861527585951,98.84104400263828,99.64665975690191,50.47269072521122,58.7720903003915,30.782694551656046,1.7151826198518217e-06
7,seventh_balanced_candidate,pitch,large_angle,7656,134.222,-0.8528443286311389,3.683897064201795,8.31349,9.193345599999994,-15.0,15.0,-17.722296,17.255629,26.0,0.7842714793772896,21.40411931190436,24.682109700976966,0.0,0.0,12.498882412603175,96.50238473767885,100.0,44.17910447761194,3.3558035262539185,12.653946210988765,24.636355,36.612772299999996,0.0,0.8204953580139962,62.84223703970607,62.00433767029723,3.08069701667277,1.4519691616482628,99.10532736884913,100.0,59.02128236410466,59.07580313340719,32.13166144200627,2.1541617273681585e-06
7,seventh_balanced_candidate,pitch,stable_hold,109921,153.57500000000002,0.03289909262106423,1.4456314200005962,3.038909,5.076482,-15.0,15.0,-17.722296,17.255629,26.0,0.9470420901596694,8.570065878767679,9.68573025807503,0.0,0.0,4.909554771177455,97.78300942649905,100.0,35.35250699923645,0.5503309158941422,8.136968658181582,16.109828,23.82969060000001,29.0,0.6603076840384224,40.139606695494805,39.49856007819099,3.1671149180326834,1.5241155784228813,99.04292482174475,94.18576829209935,53.864191032205575,58.871383692033575,33.119240181584956,1.4521601237413985e-06
8,eighth_more_i_less_ff,roll,all_active,144327,195.608,-5.374885503059374e-05,2.828461322365514,6.031241599999999,9.829887,-20.0,20.0,-19.550959,21.907043,96.0,0.9663537715182662,18.06132566988914,18.10215276684685,0.0,0.0,3.8041252874041396,96.78343858451385,100.0,31.3385269121813,-0.058629334746790315,13.22533884952518,27.989626099999967,45.897998019999996,42.0,0.834490947007819,55.6343796635657,55.46280076031506,4.9533070100742025,0.5558435260065636,97.53887507948437,98.72391467714897,51.60919706341407,59.66834528714584,36.30020716844388,1.9534374879930203e-06
8,eighth_more_i_less_ff,roll,quiet_center,68409,195.514,-0.4097256342147963,1.7795373359426871,3.902651,5.149126399999999,-5.777521,2.2,-11.288321,9.840647,19.0,0.6419973927669927,10.833329757992285,11.389039131892684,0.0,0.0,3.8518007360403987,95.61481258919852,100.0,26.17477328936521,-1.8922375434226493,10.71022151529952,22.795679999999994,35.17997959999998,17.0,0.4171750811206733,45.896491529678656,44.88137064096734,4.558836388443826,0.5306399971065491,97.57593413164471,97.30761564526763,60.0404777602306,59.20331769071265,35.654665321814385,1.6634666468644219e-06
8,eighth_more_i_less_ff,roll,rapid_step,123369,193.828,0.06470127722523485,3.0254274901423495,6.4169851999999965,10.224981,-20.0,20.0,-19.550959,21.907043,96.0,0.968712944025314,19.33858692805084,19.362736267234308,0.0,0.0,3.9282633240450835,97.38953817467453,100.0,32.25744843391902,0.4771401987776508,13.951313802676761,29.81338179999998,47.11103147999999,42.0,0.8445272270122578,58.52159262812735,58.51315163921246,5.022660754374661,0.5640184090658521,97.4317341925227,99.63382973505509,49.37970926250095,59.85668151710157,36.17197188921042,2.0454552946217247e-06
8,eighth_more_i_less_ff,roll,large_angle,23958,177.077,0.9729444690291341,4.178044982109454,8.5128032,14.008222710000004,-20.0,20.0,-19.550959,21.907043,7.0,0.9381342117375401,26.83686538837788,26.73948834006278,0.0,0.0,3.8525128429027675,98.5097310761177,100.0,34.32465923172243,3.1652082468069116,17.863332983372043,37.76479809999999,57.40196001000001,13.0,0.7740553021362969,74.21733926097455,75.02599511601014,5.3626762834743325,0.5837417319955007,97.8273885895133,100.0,38.769138653665216,59.4889846452631,39.57759412304867,2.5642670293584545e-06
8,eighth_more_i_less_ff,roll,stable_hold,130226,195.514,-0.03765302655383721,1.9233802909645477,4.13858825,5.289796,-20.0,20.0,-19.550959,21.907043,3.0,0.9469352942527739,11.799648518356076,12.309634067257925,0.0,0.0,3.773005859138299,96.58327670401567,100.0,28.024316109422493,-0.577167137706756,10.850024165922555,22.805914,33.73992875,33.0,0.6313170984083396,45.99027705490268,45.517466624190334,4.954773103459543,0.5410209072690544,97.38583613087684,98.58971681899224,52.72178228954174,59.236478358564646,35.52746763319153,1.6523850709091475e-06
8,eighth_more_i_less_ff,pitch,all_active,144327,195.608,0.017208482231321934,1.91778764282089,4.284154099999979,7.115407,-19.379999,20.0,-18.698914,21.273748,87.0,0.9747874011753216,12.648736451840348,12.657398271056667,0.0,0.0,2.835790678331357,96.40708495069336,100.0,31.569595261599208,0.21504971043533092,10.019259890128849,19.19819539999994,34.01843997999996,31.0,0.8239676846980336,49.27709378420555,48.726035241386136,5.113877127722169,1.1135811376914913,97.53149684116515,99.93997115687293,50.49230971954818,59.64368572318987,29.426233483686353,1.7606212791310626e-06
8,eighth_more_i_less_ff,pitch,quiet_center,112111,195.608,0.04398528291603858,1.0762915049505923,2.436502,3.9339965999999973,-0.5,7.498209,-16.331917,17.072748,45.0,0.7811999848302142,6.862323178928974,7.10352386157287,0.0,0.0,2.344849855341181,96.04873355623505,100.0,28.914317610940554,-0.19753905850451786,7.812066052773085,15.705072000000001,25.109705899999952,16.0,0.5128722310238403,38.593112582519325,38.12028038047167,4.912038496836369,1.1028596992950173,97.44039104610516,99.93747809365023,49.9692126976308,59.58128986851072,28.168511564431682,1.4223861577315112e-06
8,eighth_more_i_less_ff,pitch,rapid_step,101968,193.828,0.05158941104071866,2.252254744855928,4.949157,7.87194759,-19.379999,20.0,-18.698914,21.273748,87.0,0.976301053928199,14.854049669286365,14.864881104026612,0.0,0.0,3.21724006750803,96.91462816002618,100.0,33.18463444857497,0.3670795628138239,11.197141560688733,21.76205415,37.21898006000003,31.0,0.8465195359342229,55.026645896102686,54.4531126482948,5.100353315049585,1.1075790432935773,97.75290172814032,99.91539850399793,50.70208924426103,59.43714045948214,30.691001098383808,1.9480795984802685e-06
8,eighth_more_i_less_ff,pitch,large_angle,8095,176.561,-0.3228350933909821,4.188842021349179,8.3760737,14.436201379999957,-19.379999,20.0,-18.698914,21.273748,43.0,0.9747655247803747,27.865566836487847,27.646356892383903,0.0,0.0,4.2121770774095735,98.49277528649726,100.0,37.35294117647059,1.3020872805435455,16.04556125210581,30.119320799999986,58.371682999999955,7.0,0.8394048776117858,79.26236503356216,78.623251755804,6.368271056335773,1.1898810613901378,97.14175852345552,100.0,50.589592412202,58.923685010641535,34.66337245213095,2.8448234357772656e-06
8,eighth_more_i_less_ff,pitch,stable_hold,136952,195.608,0.0007508624116478712,1.3726895571642093,3.1825436,4.609405569999999,-19.379999,20.0,-18.698914,21.273748,20.0,0.9533830405770791,8.780672750769998,9.059750969461044,0.0,0.0,2.722911940938046,96.24052598641768,100.0,30.677714042914804,0.0419868406156902,8.20300508712707,16.55400655,25.526208429999922,25.0,0.6925019186861793,40.644480176978114,40.070957026341816,5.09034015330035,1.1043581341418707,97.43732461327953,99.94897840859018,50.362949047983484,59.503754727668046,29.0284187160465,1.4815073047025325e-06
9,ninth_soft_undertuned,roll,all_active,146884,190.96800000000002,0.02055972540235834,2.942845361946486,6.266147,9.877857,-15.0,15.0,-18.733719,18.717268,127.0,0.9190472900289927,14.639188840566286,14.714226785571212,0.0,0.0,3.8789798902109616,95.94811372939485,100.0,32.83881934785968,0.7762471685956265,12.119947925156746,24.579424750000005,39.07336310000008,58.0,0.741235406981339,39.451589329719305,39.21306988287647,2.0596458525382535,0.353768479997662,99.31616429046736,99.97876286616358,52.97886197278815,59.73662802521863,37.20691157648212,1.459636387537602e-06
9,ninth_soft_undertuned,roll,quiet_center,73809,190.96800000000002,-0.8990869195491064,2.140039688206198,4.190543999999996,6.097717679999999,-5.785412,2.199135,-11.622019,9.985221,47.0,0.606565926406653,10.605361927738551,10.70019836752718,0.0,0.0,5.134417930209101,93.23230654884796,100.0,34.94729907773386,-1.7351984967280416,10.232600690574403,19.157743999999997,32.13819043999999,20.0,0.4577167159530461,34.11813773060591,33.90852487808643,2.149308810911834,0.3921976678041858,99.22708039492242,99.98166431593795,50.674188998589564,59.367528120256985,38.62266119307943,1.2925781632848464e-06
9,ninth_soft_undertuned,roll,rapid_step,124249,186.269,0.18054700427367626,3.120069059653904,6.623105,10.18218,-15.0,15.0,-18.733719,18.717268,127.0,0.9289533933259895,15.542142371918368,15.600345292488864,0.0,0.0,2.337766390788321,98.19526748130288,100.0,32.47145735392881,1.0810877259696254,12.665171214491453,26.241944999999998,40.192526800000024,58.0,0.7600046034371235,40.669996064074645,40.52013698580211,2.0400414003422047,0.3178608919104891,99.27134457863616,99.97487395098746,51.37858255582171,59.96748461952326,35.777350320726924,1.494599894170843e-06
9,ninth_soft_undertuned,roll,large_angle,12788,161.099,1.6400976976071318,5.0285811629021415,10.183777,13.054766789999995,-15.0,15.0,-18.733719,18.717268,9.0,0.8614941323622222,25.22629994036935,25.142905802794566,0.0,0.0,1.6607873866002356,99.35580171262471,100.0,30.403800475059384,4.555286591101032,18.811678423504013,40.8988327,51.35960797999999,4.0,0.695847311424144,60.4620550490283,60.1973720417961,1.6737779361541059,0.321359982323818,99.87214319961643,100.0,56.92024932076075,61.984851860102474,40.45198623709727,2.1980278076989866e-06
9,ninth_soft_undertuned,roll,stable_hold,138466,190.96800000000002,0.03329435850678144,2.3488619507517936,4.738585,6.417551350000006,-15.0,15.0,-18.733356,18.653936,47.0,0.8772336095020244,11.58351231301778,11.744309720369676,0.0,0.0,3.939867407796482,95.76044106095422,100.0,31.64179104477612,0.6673909715886934,11.049025113775176,21.64831975,34.85306925000004,49.0,0.6070312436102064,36.17553186031384,35.937058169641446,2.0548435277223365,0.355089876855541,99.30202472998586,99.99022232919161,52.94533529889588,59.66438378395923,37.094304739069514,1.3481550321587725e-06
9,ninth_soft_undertuned,pitch,all_active,146884,190.96800000000002,0.016469403311456677,2.0583783596004546,4.975605,7.543226,-17.619999,15.0,-14.643823,15.27293,113.0,0.9582002937874018,10.834981154824149,10.703567049306306,0.0,0.0,1.7155399168343082,98.71070528702073,100.0,30.29535864978903,-0.17236088731924512,9.203578133491554,18.351326350000036,29.104261870000013,40.0,0.7355955779755332,49.363425628264125,49.868403353009775,5.168888463162335,0.8446426919414309,95.7579596743426,99.97624515005147,50.405632058969616,60.21247813612042,31.74954385773808,2.4007603441380004e-06
9,ninth_soft_undertuned,pitch,quiet_center,117593,190.96800000000002,0.12962048672114834,1.3394019467540028,2.728527,5.072016,-0.496564,7.43306,-6.578603,14.110449,49.0,0.7103235463257696,7.17993417321892,6.964889815693216,0.0,0.0,1.597776420451824,98.83064125272072,100.0,28.642646725583504,0.060479139948806465,7.7176324539289105,14.514332199999998,23.19307376000003,9.0,0.4729303950127128,48.877778609783945,49.466372398144436,5.023421374928126,0.868889474348636,95.55935175393404,99.98915371891862,50.85098113650949,59.99524139124416,31.282474296939444,2.5243214986888334e-06
9,ninth_soft_undertuned,pitch,rapid_step,100832,186.269,0.020472397076324953,2.4239986663028534,5.686212399999996,7.951886,-17.619999,15.0,-14.643823,15.27293,113.0,0.9612813241564905,12.605952276629425,12.60479259549228,0.0,0.0,1.5800104047277845,98.44802461964885,100.0,30.230553759965524,-0.0935550743811487,10.098026202947048,20.865284149999983,31.645542960000004,39.0,0.7754536274847077,41.578950497748956,41.40607948949906,5.409090709652485,0.7479042996702436,95.59876103972206,99.96546816792934,51.00456238750994,60.29153084445538,30.843383052999044,1.6853597716666972e-06
9,ninth_soft_undertuned,pitch,large_angle,5555,138.934,-2.3895647852385236,4.72152951984135,8.866097,9.83761752,-17.619999,-0.225254,-14.643823,0.247529,92.0,0.7611739765396147,24.73803578405569,24.55195257988299,0.0,0.0,1.7013962927767914,99.00181488203266,100.0,39.130434782608695,-1.0214130487848785,11.729741082636396,23.29685910000002,32.189490200000016,0.0,0.8462223301874947,44.38556712944003,44.57301554672773,6.331085393388598,0.6830388985249124,95.13706346226061,100.0,43.240705970709726,61.45692377086153,35.55355535553556,1.5816795411134743e-06
9,ninth_soft_undertuned,pitch,stable_hold,141503,190.96800000000002,0.050430655102718665,1.6926223874683166,3.9173661999999965,5.867391020000004,-17.619999,15.0,-14.643823,15.27293,54.0,0.926272381858999,8.911982409454101,8.801636056257498,0.0,0.0,1.6933600111338545,98.68710886785021,100.0,28.622096116332685,0.02004685531048807,8.423557294294879,16.625729999999994,25.774992780000023,36.0,0.6392346718164564,47.93586179050257,48.40790810222756,5.135874094302084,0.847048797293502,95.69528741739697,99.99101937569694,50.86850120864236,60.16451549381501,31.624064507466272,2.3871977513922463e-06
10,tenth_strong_angle_ff,roll,all_active,106704,140.796,-0.03231051914642375,2.4117784618865135,5.466743,8.99682924000001,-20.0,20.0,-20.80369,25.272381,88.0,0.9633661506066676,19.117934793703764,19.776582864895744,0.0,0.0,6.967383048571505,96.74832312627588,100.0,34.168336673346694,-0.14455782988454027,13.9620243478293,27.874335599999988,49.08881151000003,43.0,0.8864789454157582,57.687538101972756,57.67221122120484,1.9665082653378925,0.7131277600466962,98.37906703253626,98.75539004312034,48.912191297530384,60.308469255442574,35.86557204978257,2.0417716654315473e-06
10,tenth_strong_angle_ff,roll,quiet_center,57614,140.556,-0.3439252264553755,1.433584164616309,3.135481,4.340070630000001,-5.8,2.2,-9.725273,8.072245,30.0,0.6712187638235981,10.34253742653411,11.755389739983709,0.0,0.0,5.632665166657854,97.4267372696939,100.0,30.220994475138124,-1.0852266284410037,10.730977109900483,23.775195099999994,32.395016399999996,26.0,0.40259770835767167,43.07408440770547,42.8102106947163,1.970564521466248,0.7244677741829612,97.30744006412591,97.69729650950958,52.83101362675799,59.828317408410406,33.63418613531433,1.5555853787121335e-06
10,tenth_strong_angle_ff,roll,rapid_step,87449,139.894,0.06655087270294686,2.615601515900318,5.950836399999988,9.454555600000004,-20.0,20.0,-20.80369,25.272381,88.0,0.9657089659069579,20.721810647272406,21.44793188598757,0.0,0.0,7.690773899951286,96.24063714800417,100.0,34.41486411536329,0.6928043640636258,14.758182934827277,29.957493799999956,52.04794216000006,43.0,0.9054250037966829,61.396272858736765,61.41861177254794,1.9846255417920258,0.7371221810218631,98.90480905739611,99.29015401868267,47.50241586237339,60.60561080599673,36.81574403366534,2.1640090564468024e-06
10,tenth_strong_angle_ff,roll,large_angle,11402,133.782,0.6203401684792141,4.493374965142108,10.164860749999992,15.597202,-20.0,20.0,-20.80369,25.272381,41.0,0.8611318507448777,34.44950104688763,36.84567379874502,0.0,0.0,14.445323147756431,95.56031024338058,100.0,41.85022026431718,-1.87107560875285,21.789264653948727,43.364237749999994,86.76603211,13.0,0.7952111884297923,91.29409851975959,91.51490744029523,1.9232695809888596,0.7245463826645658,99.75655937246415,100.0,44.50455324136687,61.224747474747474,42.27328538852833,3.284271757136037e-06
10,tenth_strong_angle_ff,roll,stable_hold,96524,140.796,-0.04630276302266794,1.5716560858757822,3.276423,4.969824480000007,-20.0,20.0,-20.80369,24.948895,0.0,0.9407207166306432,11.056820541911595,12.887579521729565,0.0,0.0,6.745682293473839,96.70663848509685,100.0,32.174662453318014,-0.4042732265136131,10.605265277552284,22.510893899999985,31.782533040000015,34.0,0.6640520820189979,43.27310196355271,43.190946605222706,1.9836390445998258,0.693905438281721,98.21459638135003,98.62560890744606,48.267875782881006,59.80617733554787,34.599685052422195,1.5552649928292883e-06
10,tenth_strong_angle_ff,pitch,all_active,106704,140.796,0.005295163864522435,2.0404980491615072,4.491628,7.556452190000003,-20.0,20.0,-18.543589,19.177862,83.0,0.9834740999997934,16.67361280280209,16.323984429698136,0.0,0.0,3.49752210119409,96.11957600227913,100.0,34.24504605079542,-0.19716752892112774,11.308605982197331,22.354725749999993,39.28966914000003,33.0,0.8881659174787898,63.342492788688496,63.226528476726166,3.1899605281467034,1.3311522171151624,97.91890745108101,98.8346276433033,50.03700377931932,59.324142099879104,32.302444144549405,3.269612779388502e-06
10,tenth_strong_angle_ff,pitch,quiet_center,76173,140.796,0.11563290782823311,1.0248065675933589,2.270609,3.4463761599999994,-0.5,7.5,-5.61254,13.000327,19.0,0.81280151112797,7.933400409607609,8.198452658259743,0.0,0.0,2.985229652462935,95.72816074360617,100.0,31.23877917414722,0.029340179079201337,8.147435723466138,16.210095799999984,25.617015159999994,18.0,0.5844804297908377,53.900977898453476,53.91462949569825,3.1015142120984325,1.2687011277812,97.38961129267784,98.36729017453585,49.77400737083652,58.803609882793886,30.57907657568955,3.4176924548379395e-06
10,tenth_strong_angle_ff,pitch,rapid_step,83451,139.894,-0.038027604079040385,2.2842631449755766,5.0741665000000005,8.132951,-20.0,20.0,-18.543589,19.177862,83.0,0.9843928405845082,18.72398700372718,18.2741051796152,0.0,0.0,3.5435388963373895,96.32667306517756,100.0,36.06403013182674,-0.3767451298127044,12.189509939293485,24.558046500000003,41.962235,33.0,0.9034539280799272,64.2862954042604,64.11002639745125,3.320661402071222,1.3225349577397318,98.38979743425111,99.36296911785071,49.988039934030795,59.61589599645443,33.145198979041595,2.921684927171622e-06
10,tenth_strong_angle_ff,pitch,large_angle,5888,117.14,-0.342812289232337,4.905438643516363,10.498817549999998,15.946581,-20.0,20.0,-18.543589,19.177862,45.0,0.927784150598355,40.08751013213068,39.2435090989839,0.0,0.0,6.398022110584781,97.3720371006527,100.0,39.39393939393939,2.9879697685122277,21.997793694713344,43.553814599999995,70.73034779000008,1.0,0.8471259212607744,108.18491545305778,107.78919110580554,3.1499035238394133,1.6018572562265507,99.72236682283533,100.0,48.880791254554914,61.55088852988692,39.639945652173914,3.853486034642483e-06
10,tenth_strong_angle_ff,pitch,stable_hold,98603,140.796,-0.013908496475766445,1.2533981441528432,2.8517741999999995,3.9520521399999997,-20.0,20.0,-18.543589,19.177862,0.0,0.9552058044878691,9.797332818381042,10.027185229291614,0.0,0.0,3.080414172945164,95.94071133591574,100.0,32.510288065843625,-0.2564955360181739,9.189544345789646,18.4094183,30.44201405999999,27.0,0.6998072923827171,55.274434647430546,55.15343157441371,3.1848773230531333,1.3157058926573912,97.78996059619668,98.74293301353435,50.01391982182628,59.020716106078574,31.664350983235806,3.16297191363548e-06
11,eleventh_strong_inner_low_ff,roll,all_active,131156,171.334,-0.10577768891244012,2.170471286899134,4.783010750000001,7.694317399999997,-15.0,15.0,-14.746594,16.235657,104.0,0.9570292865302836,12.619457651184604,13.022827643424069,0.0,0.0,3.617891694594379,98.01385243050065,100.0,28.740290442418104,-0.5340509929015828,8.789813753723273,20.52130975,25.376894899999975,36.0,0.8071839848868908,49.22628605985112,48.42613043422825,7.084057225827203,0.8531364813317245,92.48907097201683,96.87118696112418,47.89702067828659,58.78994371831248,31.451858855103847,1.8101575966363462e-06
11,eleventh_strong_inner_low_ff,roll,quiet_center,67993,171.334,-0.6624714238230406,1.6584127316653845,3.873981,4.768696520000002,-5.796221,2.199681,-11.76583,6.064665,45.0,0.6620644689675615,9.44918097026205,9.95047625109309,0.0,0.0,3.4822933229582507,97.75933101557595,100.0,26.947723440134908,-3.4542371406615393,8.415084553331635,21.7931482,21.8694042,0.0,0.5577495872340514,48.822953627014286,47.3572348411701,7.04428081528253,0.9260818542787834,89.53057297939903,93.94328082716764,48.0986719642103,58.51594202898551,29.4677393261071,1.8227615464339701e-06
11,eleventh_strong_inner_low_ff,roll,rapid_step,97651,166.751,0.06391794966769415,2.3532204564538937,5.41902,8.153018,-15.0,15.0,-14.746594,16.235657,103.0,0.9696376169528472,13.69838105821497,14.119322699874687,0.0,0.0,4.1794373666036435,97.58672540133,100.0,28.812512862728955,0.4612814484951511,8.72050557558612,17.763848999999997,26.8397005,36.0,0.8613266450735543,47.59904162915537,47.269100652806685,7.140130616159328,0.7950397276638992,95.16662509624456,99.4393415245139,47.22652988190385,59.097112701686285,32.42465514946083,1.7342251999707655e-06
11,eleventh_strong_inner_low_ff,roll,large_angle,9922,150.48,1.204300510784116,3.882972937571543,7.66463,9.37007641999999,-15.0,15.0,-14.746594,16.235657,0.0,0.9198585341706991,22.256883854646425,23.2978375497525,0.0,0.0,6.9614946814584515,98.44369850472994,100.0,36.97916666666667,1.3206378723039711,12.297252499595086,25.11827969999998,35.39749892999996,0.0,0.8387757031607566,65.88939901809036,66.40516462586733,5.309853665149465,0.7675940703632821,98.29557264601954,100.0,48.617750987320726,59.57446808510638,36.817173956863535,2.2879534306502035e-06
11,eleventh_strong_inner_low_ff,roll,stable_hold,125462,171.334,-0.0787803215635013,1.7444283625563626,3.873981,5.303660519999999,-15.0,15.0,-14.746594,16.235657,21.0,0.9086537343215434,9.801701815178935,10.466570095047652,0.0,0.0,3.6587318866600325,97.94431519948338,100.0,27.447833065810595,-0.704869090728667,8.242001089459198,18.33772914999999,22.08716581,33.0,0.6785523195438349,46.48334318682577,45.57634253410081,7.144279036489305,0.8545027966679226,92.17866693747673,96.72319826681561,48.04762871940692,58.728437774096086,31.102644625464283,1.7158108709822084e-06
11,eleventh_strong_inner_low_ff,pitch,all_active,131156,171.334,0.024134019442495963,2.0354093843560777,5.1131025,7.776973,-15.0,15.0,-15.790391,14.596845,99.0,0.988913801698587,12.73803338026841,12.619537799101717,0.0,0.0,1.2232986768753629,95.18587900907593,100.0,31.706460674157306,0.13680159487938026,7.2494228326388175,14.593201,22.014004950000004,25.0,0.8947711166794231,49.62583870990425,49.74707902356748,3.611434002324407,1.7530647902096113,99.0309202495025,99.93478151808559,50.72409237612669,59.9393355801637,30.469059745646405,2.4643173117007123e-06
11,eleventh_strong_inner_low_ff,pitch,quiet_center,100273,171.334,0.02869276523091959,1.0101809975507898,2.2742783999999974,3.800577,-0.499991,7.49077,-5.303116,12.535118,18.0,0.8195604695185423,6.233847266018525,6.263122014318694,0.0,0.0,0.8978474258844323,94.15338538881164,100.0,31.518833535844472,0.054133630718139474,6.062800754718785,12.185481999999997,16.793036479999994,0.0,0.6623372361781188,45.17907721321226,45.668350910562374,3.595784303923902,1.7674771856649432,98.93767154493227,99.91332466579992,49.834983498349835,59.906685821075776,29.96419774016934,2.5505862126667794e-06
11,eleventh_strong_inner_low_ff,pitch,rapid_step,82484,165.05100000000002,0.0836139586344018,2.5397572613360424,6.215432199999987,8.436835,-15.0,15.0,-15.790391,14.596845,99.0,0.9897488686912248,15.901629476448583,15.746494535671587,0.0,0.0,1.4550754278069442,98.36102690532195,100.0,31.428571428571427,0.39029448203287914,8.08368445366551,16.47735255,24.446246479999985,25.0,0.9181200013221738,49.23706459743746,48.50210673376843,3.593934064233155,1.71740720878448,99.12076910241436,100.0,52.094109794760556,59.826413184261064,29.600892294263133,1.7433983915122081e-06
11,eleventh_strong_inner_low_ff,pitch,large_angle,5629,93.822,-1.4508343183513945,4.888035767619346,8.306200399999994,9.736057800000001,-15.0,1.401602,-15.790391,0.966857,82.0,0.7997238284003423,30.868332909725503,30.305820778854446,0.0,0.0,2.663198171083864,98.302965344766,100.0,32.31292517006803,4.9765041067685205,13.49770180614909,28.607305799999995,35.089443000000024,0.0,0.9142617420569542,82.12281323958112,80.98621090623273,3.5239874828496434,1.7635300410506825,99.65099191770757,100.0,60.58045554739162,59.612453733942964,35.88559246757861,2.859100159520138e-06
11,eleventh_strong_inner_low_ff,pitch,stable_hold,123667,171.334,0.0384348749140838,1.3418421918486398,3.08813,4.764972779999997,-15.0,15.0,-15.790391,14.596845,13.0,0.9433130603498496,8.28436981295957,8.31942134838719,0.0,0.0,1.0828814110437588,94.8770174805342,100.0,31.11490329920364,0.09147285578205991,6.746755586050076,13.600057899999998,19.67843707999998,23.0,0.7690494101090831,47.309135561888645,47.50569665605537,3.6381899054820455,1.7582491569622454,98.9876686106041,99.93055246405198,50.859635845612786,59.924729753224035,30.37754615216671,2.4480235781727425e-06
12,twelfth_strong_d_damping,roll,all_active,55420,71.468,-0.23338675976181886,3.996529181714649,7.52729599999997,17.968124,-20.0,20.0,-21.104376,22.283253,106.0,0.9570900407812469,22.425097395471013,23.17986998709206,0.0,0.0,7.049747409175266,97.35957132298596,100.0,26.879271070615037,-1.116942326975821,16.86766521112767,35.744492249999944,63.31784233999995,43.0,0.8887121106596851,87.1680520528622,89.65373285375182,2.1454687518104483,5.217335514090676,99.70424723433727,99.96256294105535,56.821968066188724,61.16575493815516,40.10826416456153,2.5840333662179016e-06
12,twelfth_strong_d_damping,roll,quiet_center,34705,71.468,-0.6186388393891371,1.826046422875087,3.775331,5.092839,-5.8,2.2,-17.130445,17.928522,54.0,0.5543193130008502,9.474624943722468,10.591069511512815,0.0,0.0,4.314098312771151,97.59721312451617,100.0,20.104712041884817,-1.4544571977236709,11.014643646471313,21.7213538,35.40999696,62.0,0.242282027260555,71.56572687150742,76.05911939427195,1.9431490319732958,6.541255306753546,99.77755065231769,99.96092106054229,61.12847952864787,60.681674351324475,39.576429909234975,1.7064333300280549e-06
12,twelfth_strong_d_damping,roll,rapid_step,43325,65.343,-0.024041147236006966,4.448608437629666,8.714323,18.81034780000002,-20.0,20.0,-21.104376,22.283253,106.0,0.9599993223361394,25.02230994979342,25.801929783027347,0.0,0.0,7.9497942422528745,96.74629034904709,100.0,27.340823970037455,0.0247422835083667,18.525737526962562,40.00788339999999,68.97862964000025,43.0,0.9018485392045719,87.35384262409383,88.12152551698203,2.1271845414639823,2.739938134847333,99.66321924188502,99.9522296797,52.56646045811737,61.43995259415328,38.57818811309867,2.8692129846043653e-06
12,twelfth_strong_d_damping,roll,large_angle,10659,49.131,0.2829676847734309,7.702267486586574,18.0674674,23.150879,-20.0,20.0,-21.104376,22.283253,82.0,0.9414754184521521,43.574750298287306,44.67315287725754,0.0,0.0,11.618453398762883,98.56441254250095,100.0,37.38019169329074,-2.139428964255559,27.558137091969975,61.142071800000004,99.08534874000001,27.0,0.8740356081624558,126.58673972294565,126.76742797948684,2.5175247077612206,1.0301426109733234,99.64378550110715,100.0,51.400789448348895,62.822304077225965,43.099727929449294,4.223058678409154e-06
12,twelfth_strong_d_damping,roll,stable_hold,49986,71.468,-0.25456590699395837,2.1010079788419254,4.482516,5.672826050000002,-20.0,20.0,-21.104376,22.283253,3.0,0.9497952861961674,10.673414986536644,12.18584664012556,0.0,0.0,5.452061115582079,97.1454974843413,100.0,24.0234375,-1.2752872067979035,10.886031470518752,21.3127795,34.02965770000004,30.0,0.5043108054969816,65.42329661752646,68.85990416147648,2.15169397524933,5.467588519408428,99.69383292025077,99.97292399975007,58.47582946285381,60.040307805056806,38.54679310206858,1.7107716057750729e-06
12,twelfth_strong_d_damping,pitch,all_active,55420,71.468,0.0863932125586431,3.8352333578886664,7.160537,18.970355929999997,-20.0,20.0,-20.685497,18.496902,99.0,0.9651772568181918,22.698420636970727,23.011400128850774,0.0,0.0,5.950867670268323,97.16382798532041,100.0,25.033921302578023,0.7547161152472032,15.061060665636678,23.95780804999996,69.26922462999985,34.0,0.9504898302934075,99.07155564582814,97.17549099059791,4.498318220493925,4.671556799038108,91.99992400782719,93.81803674221555,54.73716207230655,60.14234875444839,29.227715626127754,3.461032235394716e-06
12,twelfth_strong_d_damping,pitch,quiet_center,42350,71.468,0.22519507891381343,1.1276681019327615,2.397036249999998,4.072705120000011,-0.5,7.437195,-20.211273,18.496521,41.0,0.7058496313067741,6.267371784455882,6.76600858912283,0.0,0.0,3.426545825649638,97.33509169175645,100.0,21.981424148606813,0.5678934294451004,7.316341694826164,14.30107794999999,20.027112290000048,9.0,0.5308181490217575,77.55813814310358,74.33577321953777,4.450651201623553,5.212372339976234,90.04142129953088,91.90537977842101,54.748477892005184,59.33083176985616,26.925619834710744,2.862228059885095e-06
12,twelfth_strong_d_damping,pitch,rapid_step,38318,64.83200000000001,-0.01812769954068587,4.592284065743785,10.564249,20.408175050000015,-20.0,20.0,-20.685497,18.496902,99.0,0.9656473757174775,27.153918225806844,27.55370437307692,0.0,0.0,7.143532929394034,96.3461331032251,100.0,28.0327868852459,0.17438110026619344,17.55419548822051,35.4330867000001,77.89147905000006,34.0,0.9613857659916758,95.76965869213565,95.36941821628974,4.691593883521047,2.4257980862190767,96.96869670462672,99.1032623645266,51.56241403972053,60.53279605999552,32.14416201263114,3.232205558787436e-06
12,twelfth_strong_d_damping,pitch,large_angle,5285,42.256,-0.6761823070955535,10.977489929977988,21.373367,30.39954,-20.0,20.0,-20.685497,18.496902,87.0,0.9688013512434779,65.0157768397155,65.86493951068165,0.0,0.0,14.178911284381783,98.64555513162915,100.0,34.161490683229815,4.985811667360455,39.56760887102116,83.16062040000003,131.63839051999997,26.0,0.9146984132025909,209.8365896127471,209.7083344562019,4.062811212694663,2.387488956342788,99.16553464001552,100.0,58.606636910537546,66.53517422748192,42.21381267738884,6.809670901683166e-06
12,twelfth_strong_d_damping,pitch,stable_hold,50779,71.468,0.03879728269560251,1.482811816422123,3.318362,5.069354,-20.0,20.0,-20.685497,18.496521,4.0,0.954906604683304,7.930624357830424,8.896870883961922,0.0,0.0,4.399377631389021,96.89239905967749,100.0,22.65446224256293,0.7585917576163375,7.487338381840005,14.6694154,20.862378380000003,16.0,0.7046316426427833,73.2078514704075,70.208663259094,4.52697144577334,4.8085650907358435,91.28724002248454,93.24630982865946,55.605521204172135,59.294286962555574,27.578329624451055,2.696730739490598e-06
