cutoff_hz,alpha,total_score,x_rms_sum,y_rms_sum,03252307_pmwgyro_dec_x_rms,03252307_pmwgyro_dec_y_rms,03252337_pmwgyro_dec_x_rms,03252337_pmwgyro_dec_y_rms
1.00,0.006263,13.861347,6.729271,7.132076,4.268497,5.418667,2.460774,1.713408
1.25,0.007823,12.765446,6.193037,6.572409,3.983332,5.034105,2.209706,1.538304
1.50,0.009381,11.789767,5.720283,6.069484,3.707120,4.664163,2.013162,1.405321
1.75,0.010935,10.910109,5.297787,5.612323,3.442479,4.311306,1.855307,1.301017
2.00,0.012488,10.113701,4.918114,5.195586,3.191921,3.978217,1.726194,1.217369
2.25,0.014038,9.392862,4.576580,4.816282,2.957336,3.666993,1.619243,1.149289
2.50,0.015585,8.742103,4.269795,4.472308,2.739915,3.378958,1.529880,1.093350
2.75,0.017130,8.156856,3.995004,4.161853,2.540230,3.114726,1.454773,1.047127
3.00,0.018673,7.632962,3.749784,3.883178,2.358374,2.874351,1.391410,1.008827
3.25,0.020213,7.166482,3.531918,3.634564,2.194088,2.657486,1.337830,0.977077
3.50,0.021751,6.753649,3.339344,3.414305,2.046873,2.463508,1.292472,0.950797
3.75,0.023287,6.390857,3.170128,3.220730,1.916064,2.291612,1.254064,0.929118
4.00,0.024820,6.074650,3.022450,3.052201,1.800891,2.140874,1.221559,0.911326
4.25,0.026350,5.801704,2.894590,2.907114,1.700508,2.010280,1.194082,0.896834
4.50,0.027878,5.568798,2.784915,2.783883,1.614015,1.898735,1.170900,0.885147
4.75,0.029404,5.372778,2.691861,2.680917,1.540470,1.805068,1.151391,0.875849
5.00,0.030928,5.210530,2.613922,2.596609,1.478894,1.728021,1.135028,0.868587
5.25,0.032449,5.078963,2.549644,2.529319,1.428283,1.666257,1.121361,0.863062
5.50,0.033967,4.975006,2.497623,2.477383,1.387615,1.618367,1.110007,0.859016
5.75,0.035483,4.895637,2.456507,2.439130,1.355869,1.582898,1.100639,0.856232
6.00,0.036997,4.837915,2.425010,2.412905,1.332035,1.558382,1.092975,0.854523
6.25,0.038509,4.799024,2.401916,2.397108,1.315142,1.543382,1.086774,0.853726
6.50,0.040018,4.776322,2.386096,2.390226,1.304266,1.536521,1.081830,0.853705
6.75,0.041525,4.767375,2.376514,2.390862,1.298548,1.536520,1.077965,0.854342
7.00,0.043029,4.769981,2.372232,2.397749,1.297204,1.542215,1.075028,0.855534
7.25,0.044531,4.782181,2.372414,2.409767,1.299528,1.552574,1.072886,0.857193
7.50,0.046031,4.802262,2.376324,2.425938,1.304896,1.566692,1.071428,0.859246
7.75,0.047528,4.828739,2.383318,2.445421,1.312764,1.583794,1.070555,0.861626
8.00,0.049023,4.860344,2.392841,2.467503,1.322657,1.603224,1.070184,0.864279
8.25,0.050516,4.896002,2.404416,2.491586,1.334174,1.624430,1.070242,0.867156
8.50,0.052006,4.934808,2.417639,2.517169,1.346971,1.646954,1.070667,0.870216
8.75,0.053494,4.976006,2.432165,2.543841,1.360759,1.670418,1.071405,0.873423
9.00,0.054980,5.018968,2.447706,2.571262,1.375296,1.694514,1.072410,0.876747
9.25,0.056463,5.063174,2.464020,2.599154,1.390380,1.718992,1.073640,0.880162
9.50,0.057944,5.108196,2.480904,2.627292,1.405843,1.743647,1.075062,0.883644
9.75,0.059422,5.153684,2.498190,2.655494,1.421546,1.768319,1.076644,0.887175
10.00,0.060899,5.199351,2.515737,2.683614,1.437377,1.792876,1.078360,0.890738
10.25,0.062373,5.244964,2.533430,2.711535,1.453241,1.817216,1.080188,0.894319
10.50,0.063844,5.290336,2.551172,2.739163,1.469064,1.841259,1.082108,0.897904
10.75,0.065314,5.335315,2.568887,2.766428,1.484785,1.864943,1.084103,0.901485
11.00,0.066781,5.379783,2.586510,2.793272,1.500353,1.888221,1.086157,0.905051
11.25,0.068245,5.423643,2.603990,2.819654,1.515731,1.911058,1.088258,0.908596
11.50,0.069708,5.466824,2.621283,2.845541,1.530888,1.933427,1.090395,0.912113
11.75,0.071168,5.509268,2.638358,2.870910,1.545799,1.955313,1.092559,0.915597
12.00,0.072626,5.550933,2.655187,2.895747,1.560447,1.976703,1.094740,0.919044
12.25,0.074081,5.591791,2.671750,2.920042,1.574819,1.997593,1.096931,0.922449
12.50,0.075535,5.631821,2.688031,2.943790,1.588905,2.017981,1.099126,0.925809
12.75,0.076986,5.671011,2.704020,2.966991,1.602699,2.037868,1.101321,0.929123
13.00,0.078434,5.709355,2.719707,2.989648,1.616198,2.057260,1.103509,0.932388
13.25,0.079881,5.746852,2.735087,3.011765,1.629400,2.076162,1.105688,0.935603
13.50,0.081325,5.783507,2.750159,3.033348,1.642306,2.094582,1.107853,0.938766
13.75,0.082767,5.819327,2.764919,3.054408,1.654917,2.112531,1.110002,0.941877
14.00,0.084207,5.854322,2.779370,3.074953,1.667238,2.130018,1.112132,0.944935
14.25,0.085644,5.888505,2.793512,3.094994,1.679270,2.147054,1.114241,0.947939
14.50,0.087079,5.921890,2.807349,3.114541,1.691020,2.163651,1.116328,0.950891
14.75,0.088512,5.954492,2.820884,3.133608,1.702492,2.179820,1.118391,0.953789
15.00,0.089943,5.986328,2.834122,3.152206,1.713693,2.195572,1.120429,0.956634
15.25,0.091371,6.017414,2.847067,3.170347,1.724627,2.210921,1.122440,0.959426
15.50,0.092797,6.047769,2.859726,3.188043,1.735301,2.225877,1.124425,0.962166
15.75,0.094221,6.077411,2.872104,3.205307,1.745722,2.240453,1.126382,0.964854
16.00,0.095643,6.106357,2.884206,3.222150,1.755896,2.254659,1.128311,0.967491
16.25,0.097062,6.134626,2.896040,3.238586,1.765829,2.268508,1.130211,0.970078
16.50,0.098480,6.162236,2.907610,3.254625,1.775527,2.282010,1.132083,0.972615
16.75,0.099895,6.189204,2.918924,3.270280,1.784998,2.295177,1.133926,0.975104
17.00,0.101307,6.215549,2.929987,3.285562,1.794247,2.308018,1.135740,0.977544
17.25,0.102718,6.241288,2.940807,3.300481,1.803281,2.320545,1.137526,0.979937
17.50,0.104126,6.266438,2.951389,3.315050,1.812106,2.332766,1.139283,0.982283
17.75,0.105532,6.291016,2.961739,3.329278,1.820727,2.344693,1.141012,0.984585
18.00,0.106936,6.315038,2.971863,3.343175,1.829151,2.356334,1.142712,0.986841
18.25,0.108338,6.338520,2.981768,3.356752,1.837383,2.367698,1.144385,0.989054
18.50,0.109738,6.361478,2.991459,3.370019,1.845430,2.378794,1.146030,0.991225
18.75,0.111135,6.383927,3.000943,3.382984,1.853296,2.389631,1.147647,0.993353
19.00,0.112530,6.405881,3.010224,3.395657,1.860986,2.400216,1.149238,0.995440
19.25,0.113923,6.427354,3.019308,3.408046,1.868507,2.410558,1.150802,0.997488
19.50,0.115314,6.448362,3.028201,3.420161,1.875862,2.420665,1.152339,0.999496
19.75,0.116702,6.468916,3.036908,3.432009,1.883056,2.430543,1.153851,1.001466
20.00,0.118089,6.489031,3.045433,3.443598,1.890096,2.440200,1.155338,1.003398
