variant,kp,ki,min_g,max_g,band_g,axis_score_rms_deg,quat_ekf,madgwick_imu,acc_used_pct,acc_weight_mean
mahony_kp0.60_ki0.02_band0.70,0.6,0.02,0.3,3.0,0.7,1.8861287946640612,2.4475591666666667,1.0469859166666666,85.62786666666666,0.6764793333333333
mahony_kp0.80_ki0.02_band0.70,0.8,0.02,0.3,3.0,0.7,1.902103797398898,2.47876,1.0282767499999999,85.62786666666666,0.6764793333333333
mahony_kp0.50_ki0.02_band0.70,0.5,0.02,0.3,3.0,0.7,1.9121311596450574,2.4619541666666667,1.1076724166666667,85.62786666666666,0.6764793333333333
mahony_kp0.80_ki0.02_band0.50,0.8,0.02,0.3,3.0,0.5,1.9129726337882342,2.498450833333333,1.02005875,85.42040000000001,0.64269
mahony_kp0.60_ki0.02_band0.50,0.6,0.02,0.3,3.0,0.5,1.9186157168698084,2.486489166666667,1.0724510833333332,85.42040000000001,0.64269
mahony_kp0.80_ki0.05_band0.35,0.8,0.05,0.3,3.0,0.35,1.9217651730961958,2.5040858333333333,1.0417778333333334,84.25328333333333,0.5939108333333333
mahony_kp0.70_ki0.05_band0.35,0.7,0.05,0.3,3.0,0.35,1.9256627748240516,2.4968,1.0751153333333334,84.25328333333333,0.5939108333333333
mahony_kp0.90_ki0.05_band0.35,0.9,0.05,0.3,3.0,0.35,1.9302302899346486,2.521205,1.0300535,84.25328333333333,0.5939108333333333
mahony_kp0.80_ki0.02_band0.35,0.8,0.02,0.3,3.0,0.35,1.9406887550976535,2.5336616666666667,1.0366518333333332,84.25328333333333,0.5939108333333333
mahony_kp0.60_ki0.05_band0.35,0.6,0.05,0.3,3.0,0.35,1.9447254231605566,2.50187,1.13263975,84.25328333333333,0.5939108333333333
mahony_kp0.90_ki0.02_band0.35,0.9,0.02,0.3,3.0,0.35,1.9458443009514073,2.5458375,1.0247530833333334,84.25328333333333,0.5939108333333333
mahony_kp1.00_ki0.05_band0.35,1.0,0.05,0.3,3.0,0.35,1.9486808224071248,2.54609,1.03696225,84.25328333333333,0.5939108333333333
mahony_kp0.70_ki0.02_band0.35,0.7,0.02,0.3,3.0,0.35,1.9489194363727063,2.5328783333333336,1.0705508333333333,84.25328333333333,0.5939108333333333
mahony_kp0.80_ki0.01_band0.35,0.8,0.01,0.3,3.0,0.35,1.9497208426068338,2.5472275,1.035623,84.25328333333333,0.5939108333333333
mahony_kp0.90_ki0.01_band0.35,0.9,0.01,0.3,3.0,0.35,1.9530906030241808,2.55687,1.0233455,84.25328333333333,0.5939108333333333
mahony_kp0.50_ki0.02_band0.50,0.5,0.02,0.3,3.0,0.5,1.9535402676102422,2.509028333333333,1.1455455833333332,85.42040000000001,0.64269
mahony_kp0.70_ki0.01_band0.35,0.7,0.01,0.3,3.0,0.35,1.9604016131992024,2.549904166666667,1.0702351666666667,84.25328333333333,0.5939108333333333
mahony_kp0.80_ki0.02_band0.30,0.8,0.02,0.3,3.0,0.3,1.9604511303851855,2.554474166666667,1.05934625,83.21483333333333,0.5684598333333334
mahony_kp0.80_ki0.00_band0.35,0.8,0.0,0.3,3.0,0.35,1.9609782269682716,2.5635866666666667,1.0358963333333333,84.25328333333333,0.5939108333333333
mahony_kp0.55_ki0.05_band0.35,0.55,0.05,0.3,3.0,0.35,1.961018359586478,2.5100066666666665,1.1713197499999999,84.25328333333333,0.5939108333333333
mahony_kp1.00_ki0.02_band0.35,1.0,0.02,0.3,3.0,0.35,1.9617211984775533,2.5668808333333333,1.0317864166666668,84.25328333333333,0.5939108333333333
mahony_kp0.90_ki0.00_band0.35,0.9,0.0,0.3,3.0,0.35,1.961930458430524,2.5699491666666665,1.0227234166666666,84.25328333333333,0.5939108333333333
mahony_kp1.00_ki0.02_band0.50,1.0,0.02,0.3,3.0,0.5,1.964454531330486,2.5587375000000003,1.0635078333333334,85.42040000000001,0.64269
mahony_kp1.00_ki0.02_band0.30,1.0,0.02,0.3,3.0,0.3,1.9668024721740014,2.574516666666667,1.0315365,83.21483333333333,0.5684598333333334
mahony_kp1.00_ki0.01_band0.35,1.0,0.01,0.3,3.0,0.35,1.9676287157381527,2.5760025000000004,1.0302280833333333,84.25328333333333,0.5939108333333333
mahony_kp0.40_ki0.02_band0.70,0.4,0.02,0.3,3.0,0.7,1.970209928330851,2.5059975,1.2098025,85.62786666666666,0.6764793333333333
mahony_kp0.60_ki0.02_band0.35,0.6,0.02,0.3,3.0,0.35,1.9738323395334232,2.546783333333333,1.1291515,84.25328333333333,0.5939108333333333
mahony_kp1.00_ki0.00_band0.35,1.0,0.0,0.3,3.0,0.35,1.97471028561493,2.586665833333333,1.0291396666666668,84.25328333333333,0.5939108333333333
mahony_kp1.10_ki0.05_band0.35,1.1,0.05,0.3,3.0,0.35,1.9750589597466863,2.5770491666666664,1.0591005,84.25328333333333,0.5939108333333333
mahony_kp0.70_ki0.00_band0.35,0.7,0.0,0.3,3.0,0.35,1.9750902164091308,2.5708641666666665,1.072066,84.25328333333333,0.5939108333333333
mahony_kp1.00_ki0.02_band0.70,1.0,0.02,0.3,3.0,0.7,1.9760897232683685,2.5592316666666663,1.1059151666666667,85.62786666666666,0.6764793333333333
mahony_kp0.50_ki0.05_band0.35,0.5,0.05,0.3,3.0,0.35,1.9825451870201998,2.52251,1.2172205,84.25328333333333,0.5939108333333333
mahony_kp1.10_ki0.02_band0.35,1.1,0.02,0.3,3.0,0.35,1.9860664186957595,2.594794166666667,1.0542516666666666,84.25328333333333,0.5939108333333333
mahony_kp0.60_ki0.01_band0.35,0.6,0.01,0.3,3.0,0.35,1.9887938912130472,2.568700833333333,1.13005875,84.25328333333333,0.5939108333333333
mahony_kp1.10_ki0.01_band0.35,1.1,0.01,0.3,3.0,0.35,1.9909516042057107,2.6024416666666665,1.0526964166666668,84.25328333333333,0.5939108333333333
mahony_kp0.55_ki0.02_band0.35,0.55,0.02,0.3,3.0,0.35,1.99386445944136,2.560591666666667,1.1686346666666667,84.25328333333333,0.5939108333333333
mahony_kp1.10_ki0.00_band0.35,1.1,0.0,0.3,3.0,0.35,1.9967219509039111,2.6112783333333334,1.0514140833333334,84.25328333333333,0.5939108333333333
mahony_kp0.60_ki0.02_band0.30,0.6,0.02,0.3,3.0,0.3,2.006397990942257,2.5796916666666667,1.1684021666666666,83.21483333333333,0.5684598333333334
mahony_kp1.20_ki0.05_band0.35,1.2,0.05,0.3,3.0,0.35,2.0076010939020463,2.6126883333333337,1.0930198333333334,84.25328333333333,0.5939108333333333
mahony_kp0.60_ki0.00_band0.35,0.6,0.0,0.3,3.0,0.35,2.0085806608035237,2.596399166666667,1.1345558333333334,84.25328333333333,0.5939108333333333
mahony_kp0.45_ki0.05_band0.35,0.45,0.05,0.3,3.0,0.35,2.0100194251238337,2.53998,1.2710156666666665,84.25328333333333,0.5939108333333333
mahony_kp0.55_ki0.01_band0.35,0.55,0.01,0.3,3.0,0.35,2.0111480751129864,2.585755,1.1704534999999998,84.25328333333333,0.5939108333333333
mahony_kp1.00_ki0.02_band0.20,1.0,0.02,0.3,3.0,0.2,2.0122433040072423,2.6165291666666666,1.0992369166666667,77.66553333333333,0.49071766666666666
mahony_kp1.20_ki0.02_band0.35,1.2,0.02,0.3,3.0,0.35,2.0169863025908,2.627984166666667,1.08860825,84.25328333333333,0.5939108333333333
mahony_kp0.40_ki0.02_band0.50,0.4,0.02,0.3,3.0,0.5,2.018664985211775,2.5596225,1.2562459166666666,85.42040000000001,0.64269
mahony_kp0.50_ki0.02_band0.35,0.5,0.02,0.3,3.0,0.35,2.019883937482642,2.5799258333333333,1.2155849166666666,84.25328333333333,0.5939108333333333
mahony_kp1.20_ki0.01_band0.35,1.2,0.01,0.3,3.0,0.35,2.021074913408494,2.6344725,1.0871350833333333,84.25328333333333,0.5939108333333333
mahony_kp1.20_ki0.00_band0.35,1.2,0.0,0.3,3.0,0.35,2.025845281576859,2.641895,1.0858206666666668,84.25328333333333,0.5939108333333333
mahony_kp0.55_ki0.00_band0.35,0.55,0.0,0.3,3.0,0.35,2.0344734960290025,2.61807,1.1769640833333332,84.25328333333333,0.5939108333333333
mahony_kp0.50_ki0.01_band0.35,0.5,0.01,0.3,3.0,0.35,2.040049253759859,2.609095,1.2186174166666666,84.25328333333333,0.5939108333333333
mahony_kp0.40_ki0.05_band0.35,0.4,0.05,0.3,3.0,0.35,2.0443945434578663,2.5631866666666667,1.3337231666666667,84.25328333333333,0.5939108333333333
mahony_kp0.80_ki0.02_band0.20,0.8,0.02,0.3,3.0,0.2,2.044833985165918,2.633141666666667,1.1797085,77.66553333333333,0.49071766666666666
mahony_kp0.45_ki0.02_band0.35,0.45,0.02,0.3,3.0,0.35,2.0528428318163865,2.6057475,1.2707680000000001,84.25328333333333,0.5939108333333333
mahony_kp0.50_ki0.02_band0.30,0.5,0.02,0.3,3.0,0.3,2.0576855431925702,2.618059166666667,1.2599753333333332,83.21483333333333,0.5684598333333334
mahony_kp0.50_ki0.00_band0.35,0.5,0.0,0.3,3.0,0.35,2.0679068214598555,2.6472575,1.22785425,84.25328333333333,0.5939108333333333
mahony_kp0.45_ki0.01_band0.35,0.45,0.01,0.3,3.0,0.35,2.076654374602322,2.6399475,1.2754498333333333,84.25328333333333,0.5939108333333333
mahony_kp1.40_ki0.05_band0.35,1.4,0.05,0.3,3.0,0.35,2.085600751724513,2.6936766666666667,1.1843660833333334,84.25328333333333,0.5939108333333333
mahony_kp0.35_ki0.05_band0.35,0.35,0.05,0.3,3.0,0.35,2.087026293477642,2.5931825,1.4069414999999998,84.25328333333333,0.5939108333333333
mahony_kp1.40_ki0.02_band0.35,1.4,0.02,0.3,3.0,0.35,2.092596116490834,2.7053266666666667,1.18085025,84.25328333333333,0.5939108333333333
mahony_kp0.40_ki0.02_band0.35,0.4,0.02,0.3,3.0,0.35,2.09404624753264,2.639359166666667,1.3353415833333333,84.25328333333333,0.5939108333333333
mahony_kp1.40_ki0.01_band0.35,1.4,0.01,0.3,3.0,0.35,2.0955528923948856,2.71014,1.1796309166666668,84.25328333333333,0.5939108333333333
mahony_kp1.40_ki0.00_band0.35,1.4,0.0,0.3,3.0,0.35,2.098935796085079,2.71556,1.1784572500000001,84.25328333333333,0.5939108333333333
mahony_kp0.45_ki0.00_band0.35,0.45,0.0,0.3,3.0,0.35,2.110453129701534,2.6856766666666667,1.2884626666666668,84.25328333333333,0.5939108333333333
mahony_kp0.40_ki0.01_band0.35,0.4,0.01,0.3,3.0,0.35,2.122579166872465,2.6800091666666663,1.3423256666666665,84.25328333333333,0.5939108333333333
mahony_kp0.60_ki0.02_band0.20,0.6,0.02,0.3,3.0,0.2,2.124265322804587,2.6920966666666666,1.32225125,77.66553333333333,0.49071766666666666
mahony_kp0.40_ki0.02_band0.30,0.4,0.02,0.3,3.0,0.3,2.136300346425531,2.682105,1.3831812499999998,83.21483333333333,0.5684598333333334
mahony_kp0.30_ki0.05_band0.35,0.3,0.05,0.3,3.0,0.35,2.1400640004922216,2.631595,1.4933808333333332,84.25328333333333,0.5939108333333333
mahony_kp0.35_ki0.02_band0.35,0.35,0.02,0.3,3.0,0.35,2.1453775191955113,2.682615,1.4111189166666667,84.25328333333333,0.5939108333333333
mahony_kp0.40_ki0.00_band0.35,0.4,0.0,0.3,3.0,0.35,2.1643793914652836,2.7357775,1.360713,84.25328333333333,0.5939108333333333
mahony_kp1.60_ki0.05_band0.35,1.6,0.05,0.3,3.0,0.35,2.1740176638710222,2.7823025,1.2927938333333335,84.25328333333333,0.5939108333333333
mahony_kp1.60_ki0.02_band0.35,1.6,0.02,0.3,3.0,0.35,2.1793814797794857,2.7914258333333337,1.2900161666666667,84.25328333333333,0.5939108333333333
mahony_kp0.35_ki0.01_band0.35,0.35,0.01,0.3,3.0,0.35,2.18019321793002,2.7317341666666666,1.4214285833333333,84.25328333333333,0.5939108333333333
mahony_kp1.60_ki0.01_band0.35,1.6,0.01,0.3,3.0,0.35,2.1815962134931253,2.795119166666667,1.2890358333333334,84.25328333333333,0.5939108333333333
mahony_kp1.60_ki0.00_band0.35,1.6,0.0,0.3,3.0,0.35,2.18409054223516,2.799223333333333,1.2880613333333333,84.25328333333333,0.5939108333333333
mahony_kp0.50_ki0.02_band0.20,0.5,0.02,0.3,3.0,0.2,2.189753178249256,2.7457108333333333,1.4236730833333333,77.66553333333333,0.49071766666666666
mahony_kp0.25_ki0.05_band0.35,0.25,0.05,0.3,3.0,0.35,2.207331824540864,2.6812941666666665,1.5980208333333332,84.25328333333333,0.5939108333333333
mahony_kp0.30_ki0.02_band0.35,0.3,0.02,0.3,3.0,0.35,2.2097921863727645,2.7383825,1.5011333333333332,84.25328333333333,0.5939108333333333
mahony_kp0.35_ki0.00_band0.35,0.35,0.0,0.3,3.0,0.35,2.2331569628689993,2.8012733333333335,1.4477341666666668,84.25328333333333,0.5939108333333333
mahony_kp0.30_ki0.01_band0.35,0.3,0.01,0.3,3.0,0.35,2.2532687124308852,2.798973333333333,1.5164516666666668,84.25328333333333,0.5939108333333333
mahony_kp0.40_ki0.02_band0.20,0.4,0.02,0.3,3.0,0.2,2.281275057111758,2.8241675,1.5537083333333332,77.66553333333333,0.49071766666666666
mahony_kp0.25_ki0.02_band0.35,0.25,0.02,0.3,3.0,0.35,2.2923569028992112,2.811504166666667,1.6108216666666666,84.25328333333333,0.5939108333333333
mahony_kp0.20_ki0.05_band0.35,0.2,0.05,0.3,3.0,0.35,2.296820260119121,2.748365,1.731244166666667,84.25328333333333,0.5939108333333333
mahony_kp0.30_ki0.00_band0.35,0.3,0.0,0.3,3.0,0.35,2.3224538000222,2.8881508333333334,1.554885,84.25328333333333,0.5939108333333333
mahony_kp0.25_ki0.01_band0.35,0.25,0.01,0.3,3.0,0.35,2.348301548269993,2.8882225000000004,1.6340933333333334,84.25328333333333,0.5939108333333333
mahony_kp2.00_ki0.05_band0.35,2.0,0.05,0.3,3.0,0.35,2.3620573548511445,2.9665266666666668,1.5234450833333333,84.25328333333333,0.5939108333333333
mahony_kp2.00_ki0.02_band0.35,2.0,0.02,0.3,3.0,0.35,2.3654262744852863,2.9724958333333333,1.5216250000000002,84.25328333333333,0.5939108333333333
mahony_kp2.00_ki0.01_band0.35,2.0,0.01,0.3,3.0,0.35,2.366769753186747,2.9748391666666665,1.5209735000000002,84.25328333333333,0.5939108333333333
mahony_kp2.00_ki0.00_band0.35,2.0,0.0,0.3,3.0,0.35,2.368252204941597,2.9773966666666665,1.5203130833333334,84.25328333333333,0.5939108333333333
mahony_kp0.20_ki0.02_band0.35,0.2,0.02,0.3,3.0,0.35,2.4028297280390922,2.9111683333333334,1.7509533333333334,84.25328333333333,0.5939108333333333
mahony_kp0.25_ki0.00_band0.35,0.25,0.0,0.3,3.0,0.35,2.4423355462007725,3.0068983333333335,1.6920166666666665,84.25328333333333,0.5939108333333333
mahony_kp0.20_ki0.01_band0.35,0.2,0.01,0.3,3.0,0.35,2.477814364489467,3.0116983333333334,1.7878083333333334,84.25328333333333,0.5939108333333333
mahony_kp0.20_ki0.00_band0.35,0.2,0.0,0.3,3.0,0.35,2.612606207139642,3.1778516666666667,1.8789875,84.25328333333333,0.5939108333333333
bf_gate_kp0.25_ki0.00_band0.10,0.25,0.0,0.9,1.1,0.1,3.3040980634472836,3.8750416666666667,2.6084716666666665,58.83208333333334,0.34966333333333327
