flight,variant,kp,ki,trust_band_g,acc_used_pct,acc_weight_mean
1,mahony_kp0p3_ki0p00,0.3,0.0,0.35,80.52064631956912,0.5752502357313007
1,mahony_kp0p3_ki0p02,0.3,0.02,0.35,80.52064631956912,0.5752502357313007
1,mahony_kp0p4_ki0p00,0.4,0.0,0.35,80.52064631956912,0.5752502357313007
1,mahony_kp0p4_ki0p02,0.4,0.02,0.35,80.52064631956912,0.5752502357313007
1,mahony_kp0p5_ki0p00,0.5,0.0,0.35,80.52064631956912,0.5752502357313007
1,mahony_kp0p5_ki0p02,0.5,0.02,0.35,80.52064631956912,0.5752502357313007
1,mahony_kp0p6_ki0p00,0.6,0.0,0.35,80.52064631956912,0.5752502357313007
1,mahony_kp0p6_ki0p02,0.6,0.02,0.35,80.52064631956912,0.5752502357313007
1,mahony_kp0p8_ki0p00,0.8,0.0,0.35,80.52064631956912,0.5752502357313007
1,mahony_kp0p8_ki0p02,0.8,0.02,0.35,80.52064631956912,0.5752502357313007
1,mahony_kp1p0_ki0p00,1.0,0.0,0.35,80.52064631956912,0.5752502357313007
1,mahony_kp1p0_ki0p02,1.0,0.02,0.35,80.52064631956912,0.5752502357313007
1,mahony_kp1p2_ki0p00,1.2,0.0,0.35,80.52064631956912,0.5752502357313007
1,mahony_kp1p2_ki0p02,1.2,0.02,0.35,80.52064631956912,0.5752502357313007
1,mahony_kp0p6_band0p20,0.6,0.02,0.2,72.85201333675302,0.47467748773711915
1,mahony_kp0p6_band0p50,0.6,0.02,0.5,82.43851699866063,0.6254349404035469
1,bf_gate_kp0p25_ki0,0.25,0.0,0.1,55.38884614288564,0.3445429663281145
2,mahony_kp0p3_ki0p00,0.3,0.0,0.35,81.52847714004855,0.5510861921892098
2,mahony_kp0p3_ki0p02,0.3,0.02,0.35,81.52847714004855,0.5510861921892098
2,mahony_kp0p4_ki0p00,0.4,0.0,0.35,81.52847714004855,0.5510861921892098
2,mahony_kp0p4_ki0p02,0.4,0.02,0.35,81.52847714004855,0.5510861921892098
2,mahony_kp0p5_ki0p00,0.5,0.0,0.35,81.52847714004855,0.5510861921892098
2,mahony_kp0p5_ki0p02,0.5,0.02,0.35,81.52847714004855,0.5510861921892098
2,mahony_kp0p6_ki0p00,0.6,0.0,0.35,81.52847714004855,0.5510861921892098
2,mahony_kp0p6_ki0p02,0.6,0.02,0.35,81.52847714004855,0.5510861921892098
2,mahony_kp0p8_ki0p00,0.8,0.0,0.35,81.52847714004855,0.5510861921892098
2,mahony_kp0p8_ki0p02,0.8,0.02,0.35,81.52847714004855,0.5510861921892098
2,mahony_kp1p0_ki0p00,1.0,0.0,0.35,81.52847714004855,0.5510861921892098
2,mahony_kp1p0_ki0p02,1.0,0.02,0.35,81.52847714004855,0.5510861921892098
2,mahony_kp1p2_ki0p00,1.2,0.0,0.35,81.52847714004855,0.5510861921892098
2,mahony_kp1p2_ki0p02,1.2,0.02,0.35,81.52847714004855,0.5510861921892098
2,mahony_kp0p6_band0p20,0.6,0.02,0.2,75.63444139065541,0.4479980226041912
2,mahony_kp0p6_band0p50,0.6,0.02,0.5,82.30585591911247,0.5984590166325297
2,bf_gate_kp0p25_ki0,0.25,0.0,0.1,56.223042510080845,0.307301172958049
3,mahony_kp0p3_ki0p00,0.3,0.0,0.35,75.20411601565537,0.4902654436977984
3,mahony_kp0p3_ki0p02,0.3,0.02,0.35,75.20411601565537,0.4902654436977984
3,mahony_kp0p4_ki0p00,0.4,0.0,0.35,75.20411601565537,0.4902654436977984
3,mahony_kp0p4_ki0p02,0.4,0.02,0.35,75.20411601565537,0.4902654436977984
3,mahony_kp0p5_ki0p00,0.5,0.0,0.35,75.20411601565537,0.4902654436977984
3,mahony_kp0p5_ki0p02,0.5,0.02,0.35,75.20411601565537,0.4902654436977984
3,mahony_kp0p6_ki0p00,0.6,0.0,0.35,75.20411601565537,0.4902654436977984
3,mahony_kp0p6_ki0p02,0.6,0.02,0.35,75.20411601565537,0.4902654436977984
3,mahony_kp0p8_ki0p00,0.8,0.0,0.35,75.20411601565537,0.4902654436977984
3,mahony_kp0p8_ki0p02,0.8,0.02,0.35,75.20411601565537,0.4902654436977984
3,mahony_kp1p0_ki0p00,1.0,0.0,0.35,75.20411601565537,0.4902654436977984
3,mahony_kp1p0_ki0p02,1.0,0.02,0.35,75.20411601565537,0.4902654436977984
3,mahony_kp1p2_ki0p00,1.2,0.0,0.35,75.20411601565537,0.4902654436977984
3,mahony_kp1p2_ki0p02,1.2,0.02,0.35,75.20411601565537,0.4902654436977984
3,mahony_kp0p6_band0p20,0.6,0.02,0.2,68.68341929965527,0.39128292201789855
3,mahony_kp0p6_band0p50,0.6,0.02,0.5,76.12425805448278,0.5364414360585481
3,bf_gate_kp0p25_ki0,0.25,0.0,0.1,49.49327389129364,0.25677715110907334
4,mahony_kp0p3_ki0p00,0.3,0.0,0.35,89.36885459399623,0.6406404701593341
4,mahony_kp0p3_ki0p02,0.3,0.02,0.35,89.36885459399623,0.6406404701593341
4,mahony_kp0p4_ki0p00,0.4,0.0,0.35,89.36885459399623,0.6406404701593341
4,mahony_kp0p4_ki0p02,0.4,0.02,0.35,89.36885459399623,0.6406404701593341
4,mahony_kp0p5_ki0p00,0.5,0.0,0.35,89.36885459399623,0.6406404701593341
4,mahony_kp0p5_ki0p02,0.5,0.02,0.35,89.36885459399623,0.6406404701593341
4,mahony_kp0p6_ki0p00,0.6,0.0,0.35,89.36885459399623,0.6406404701593341
4,mahony_kp0p6_ki0p02,0.6,0.02,0.35,89.36885459399623,0.6406404701593341
4,mahony_kp0p8_ki0p00,0.8,0.0,0.35,89.36885459399623,0.6406404701593341
4,mahony_kp0p8_ki0p02,0.8,0.02,0.35,89.36885459399623,0.6406404701593341
4,mahony_kp1p0_ki0p00,1.0,0.0,0.35,89.36885459399623,0.6406404701593341
4,mahony_kp1p0_ki0p02,1.0,0.02,0.35,89.36885459399623,0.6406404701593341
4,mahony_kp1p2_ki0p00,1.2,0.0,0.35,89.36885459399623,0.6406404701593341
4,mahony_kp1p2_ki0p02,1.2,0.02,0.35,89.36885459399623,0.6406404701593341
4,mahony_kp0p6_band0p20,0.6,0.02,0.2,83.55554470274143,0.5236273205974914
4,mahony_kp0p6_band0p50,0.6,0.02,0.5,90.3228169564368,0.6939626337150765
4,bf_gate_kp0p25_ki0,0.25,0.0,0.1,63.53291658527056,0.3512724269313266
5,mahony_kp0p3_ki0p00,0.3,0.0,0.35,86.14716027458078,0.5931110348073994
5,mahony_kp0p3_ki0p02,0.3,0.02,0.35,86.14716027458078,0.5931110348073994
5,mahony_kp0p4_ki0p00,0.4,0.0,0.35,86.14716027458078,0.5931110348073994
5,mahony_kp0p4_ki0p02,0.4,0.02,0.35,86.14716027458078,0.5931110348073994
5,mahony_kp0p5_ki0p00,0.5,0.0,0.35,86.14716027458078,0.5931110348073994
5,mahony_kp0p5_ki0p02,0.5,0.02,0.35,86.14716027458078,0.5931110348073994
5,mahony_kp0p6_ki0p00,0.6,0.0,0.35,86.14716027458078,0.5931110348073994
5,mahony_kp0p6_ki0p02,0.6,0.02,0.35,86.14716027458078,0.5931110348073994
5,mahony_kp0p8_ki0p00,0.8,0.0,0.35,86.14716027458078,0.5931110348073994
5,mahony_kp0p8_ki0p02,0.8,0.02,0.35,86.14716027458078,0.5931110348073994
5,mahony_kp1p0_ki0p00,1.0,0.0,0.35,86.14716027458078,0.5931110348073994
5,mahony_kp1p0_ki0p02,1.0,0.02,0.35,86.14716027458078,0.5931110348073994
5,mahony_kp1p2_ki0p00,1.2,0.0,0.35,86.14716027458078,0.5931110348073994
5,mahony_kp1p2_ki0p02,1.2,0.02,0.35,86.14716027458078,0.5931110348073994
5,mahony_kp0p6_band0p20,0.6,0.02,0.2,78.85147365185615,0.4862603976781636
5,mahony_kp0p6_band0p50,0.6,0.02,0.5,87.55763122844165,0.6442973152167001
5,bf_gate_kp0p25_ki0,0.25,0.0,0.1,58.397083432942864,0.34229173584018596
6,mahony_kp0p3_ki0p00,0.3,0.0,0.35,92.7503903635958,0.713112658799615
6,mahony_kp0p3_ki0p02,0.3,0.02,0.35,92.7503903635958,0.713112658799615
6,mahony_kp0p4_ki0p00,0.4,0.0,0.35,92.7503903635958,0.713112658799615
6,mahony_kp0p4_ki0p02,0.4,0.02,0.35,92.7503903635958,0.713112658799615
6,mahony_kp0p5_ki0p00,0.5,0.0,0.35,92.7503903635958,0.713112658799615
6,mahony_kp0p5_ki0p02,0.5,0.02,0.35,92.7503903635958,0.713112658799615
6,mahony_kp0p6_ki0p00,0.6,0.0,0.35,92.7503903635958,0.713112658799615
6,mahony_kp0p6_ki0p02,0.6,0.02,0.35,92.7503903635958,0.713112658799615
6,mahony_kp0p8_ki0p00,0.8,0.0,0.35,92.7503903635958,0.713112658799615
6,mahony_kp0p8_ki0p02,0.8,0.02,0.35,92.7503903635958,0.713112658799615
6,mahony_kp1p0_ki0p00,1.0,0.0,0.35,92.7503903635958,0.713112658799615
6,mahony_kp1p0_ki0p02,1.0,0.02,0.35,92.7503903635958,0.713112658799615
6,mahony_kp1p2_ki0p00,1.2,0.0,0.35,92.7503903635958,0.713112658799615
6,mahony_kp1p2_ki0p02,1.2,0.02,0.35,92.7503903635958,0.713112658799615
6,mahony_kp0p6_band0p20,0.6,0.02,0.2,86.41640907980413,0.6204612848478742
6,mahony_kp0p6_band0p50,0.6,0.02,0.5,93.77330231668844,0.7575447229429132
6,bf_gate_kp0p25_ki0,0.25,0.0,0.1,69.9574052239678,0.4957945522154644
