flight,axis,left,right,rms_diff_deg,p95_abs_diff_deg,mean_diff_deg,final_diff_deg
1,roll,mahony_kp0p3_ki0p00,quat_ekf,2.9816207027911186,6.001098783095811,0.5749651776033239,1.152007104059669
1,pitch,mahony_kp0p3_ki0p00,quat_ekf,3.5639731411338786,7.711939476929692,-2.006103103082375,-0.47103720949686956
1,roll,mahony_kp0p3_ki0p00,madgwick_imu,1.7368428226610175,3.505911746033267,0.007755029626742295,0.3552696594383118
1,pitch,mahony_kp0p3_ki0p00,madgwick_imu,1.8215966209871859,3.55843703688417,-0.1505706813764539,-0.12423260066744923
1,roll,mahony_kp0p3_ki0p02,quat_ekf,2.982859462510005,6.007454649701566,0.5534083270262079,0.8642568677069171
1,pitch,mahony_kp0p3_ki0p02,quat_ekf,3.372062788674048,7.490447837650067,-1.6379205551340172,-0.36640775828320415
1,roll,mahony_kp0p3_ki0p02,madgwick_imu,1.7330359396879786,3.5036232118196677,-0.013801820950373916,0.0675194230855598
1,pitch,mahony_kp0p3_ki0p02,madgwick_imu,1.863976191171448,3.931129578928945,0.21761186657190398,-0.01960314945378383
1,roll,mahony_kp0p4_ki0p00,quat_ekf,2.935622851067471,6.025226485444842,0.5845042229817775,1.0041218974736146
1,pitch,mahony_kp0p4_ki0p00,quat_ekf,3.413387139094487,7.359925441853841,-1.914709296898159,-0.4856551318057476
1,roll,mahony_kp0p4_ki0p00,madgwick_imu,1.63637500820625,3.365040480201305,0.01729407500519572,0.20738445285225726
1,pitch,mahony_kp0p4_ki0p00,madgwick_imu,1.570317990985535,2.834679184279374,-0.05917687519223739,-0.13885052297632727
1,roll,mahony_kp0p4_ki0p02,quat_ekf,2.9369038930416007,6.03331382725408,0.5700312528743746,0.8364726015130155
1,pitch,mahony_kp0p4_ki0p02,quat_ekf,3.282016133663945,7.247640263024252,-1.6710896935887074,-0.337314498100427
1,roll,mahony_kp0p4_ki0p02,madgwick_imu,1.634936318025556,3.3606765912777687,0.0028211048977929273,0.039735156891658185
1,pitch,mahony_kp0p4_ki0p02,madgwick_imu,1.6033562974143107,3.075139663236941,0.18444272811721363,0.009490110728993306
1,roll,mahony_kp0p5_ki0p00,quat_ekf,2.9076856959529116,6.162066007447712,0.5851505430505685,0.9372928842141652
1,pitch,mahony_kp0p5_ki0p00,quat_ekf,3.3363515163262085,7.157029986914486,-1.8731640182176923,-0.4549184589541979
1,roll,mahony_kp0p5_ki0p00,madgwick_imu,1.5568063157634755,3.1672344238230887,0.0179403950739867,0.14055543959280792
1,pitch,mahony_kp0p5_ki0p00,madgwick_imu,1.3893558753940909,2.3415083452246135,-0.01763159651177141,-0.10811385012477759
1,roll,mahony_kp0p5_ki0p02,quat_ekf,2.9088607834847795,6.1662748449110625,0.5750535604086636,0.8374054921209497
1,pitch,mahony_kp0p5_ki0p02,quat_ekf,3.2400014435059363,7.099336177076611,-1.6996990892918022,-0.308047598359628
1,roll,mahony_kp0p5_ki0p02,madgwick_imu,1.5563932284359356,3.1519681733018667,0.007843412432082024,0.04066804749959241
1,pitch,mahony_kp0p5_ki0p02,madgwick_imu,1.413090237891343,2.5832659234377027,0.1558333324141189,0.0387570104697923
1,roll,mahony_kp0p6_ki0p00,quat_ekf,2.894623059114038,6.258578262627101,0.5814299540123042,0.9048671029641429
1,pitch,mahony_kp0p6_ki0p00,quat_ekf,3.297919962350182,6.885902942581402,-1.8522589088999595,-0.42368333409614967
1,roll,mahony_kp0p6_ki0p00,madgwick_imu,1.4980036965923333,3.0954643690950263,0.01421980603572244,0.10812965834278554
1,pitch,mahony_kp0p6_ki0p00,madgwick_imu,1.2584477748960285,1.995747310442768,0.0032735128059617337,-0.07687872526672934
1,roll,mahony_kp0p6_ki0p02,quat_ekf,2.895663001465522,6.2586602675939975,0.5741505382754143,0.8440118765654003
1,pitch,mahony_kp0p6_ki0p02,quat_ekf,3.2241146640897393,6.906174000371235,-1.7224507102985713,-0.2934974673754176
1,roll,mahony_kp0p6_ki0p02,madgwick_imu,1.49807433336284,3.09116032356093,0.006940390298832554,0.047274431944043016
1,pitch,mahony_kp0p6_ki0p02,madgwick_imu,1.2750326956192737,2.098003918565321,0.13308171140734987,0.05330714145400273
1,roll,mahony_kp0p8_ki0p00,quat_ekf,2.9038282397605397,6.467658282492781,0.5676051794388991,0.8762764842157451
1,pitch,mahony_kp0p8_ki0p00,quat_ekf,3.28194761576092,6.8730838751105265,-1.8350854817124187,-0.3834379457243111
1,roll,mahony_kp0p8_ki0p00,madgwick_imu,1.4398425609532182,3.0743327277658814,0.0003950314623173568,0.0795390395943878
1,pitch,mahony_kp0p8_ki0p00,madgwick_imu,1.1111407108449922,1.7249563380608586,0.020446939993502482,-0.03663333689489079
1,roll,mahony_kp0p8_ki0p02,quat_ekf,2.904630992747055,6.470794163319096,0.5634846985642461,0.8525187859934897
1,pitch,mahony_kp0p8_ki0p02,quat_ekf,3.23478011804457,6.7895892537077165,-1.7546846871621073,-0.2907982256667698
1,roll,mahony_kp0p8_ki0p02,madgwick_imu,1.440282302667912,3.071758130019564,-0.0037254494123356275,0.05578134137213242
1,pitch,mahony_kp0p8_ki0p02,madgwick_imu,1.1186853990650598,1.764483785060298,0.10084773454381396,0.0560063831626505
1,roll,mahony_kp1p0_ki0p00,quat_ekf,2.9489543563109217,6.585242726345294,0.55015214701558,0.8626687758491123
1,pitch,mahony_kp1p0_ki0p00,quat_ekf,3.3091729885996086,6.809253957638511,-1.8304742176862614,-0.36293724399908056
1,roll,mahony_kp1p0_ki0p00,madgwick_imu,1.4504072677304674,3.0724579041201108,-0.017058000961001706,0.06593133122775496
1,pitch,mahony_kp1p0_ki0p00,madgwick_imu,1.0789469464503667,1.7561530837412447,0.02505820401965973,-0.016132635169660237
1,roll,mahony_kp1p0_ki0p02,quat_ekf,2.949582504451255,6.5813065269440845,0.5475820054699851,0.8531992392916887
1,pitch,mahony_kp1p0_ki0p02,quat_ekf,3.2766146274009915,6.747638328322682,-1.7759217442934596,-0.2982759688430623
1,roll,mahony_kp1p0_ki0p02,madgwick_imu,1.4509321369084567,3.066766851630473,-0.019628142506596537,0.05646179467033141
1,pitch,mahony_kp1p0_ki0p02,madgwick_imu,1.0818403352975605,1.7847325278848574,0.07961067741246156,0.048528639986358035
1,roll,mahony_kp1p2_ki0p00,quat_ekf,3.019445138367654,6.681073500832736,0.5317209977838362,0.8538186096324498
1,pitch,mahony_kp1p2_ki0p00,quat_ekf,3.3594101062016057,6.845844538027929,-1.830473303033945,-0.3513083433218982
1,roll,mahony_kp1p2_ki0p00,madgwick_imu,1.5124415040592323,3.318096348708181,-0.03548915019274568,0.057081165011092505
1,pitch,mahony_kp1p2_ki0p00,madgwick_imu,1.1229983264656453,2.0110000647809096,0.025059118671976025,-0.004503734492477873
1,roll,mahony_kp1p2_ki0p02,quat_ekf,3.01994497044322,6.681444858748404,0.5299831429711918,0.8502933032153113
1,pitch,mahony_kp1p2_ki0p02,quat_ekf,3.3357112525368473,6.797699629208403,-1.7910882332863527,-0.3053520521614721
1,roll,mahony_kp1p2_ki0p02,madgwick_imu,1.5129548845586667,3.3169775871076737,-0.037227005005389925,0.05355585859395395
1,pitch,mahony_kp1p2_ki0p02,madgwick_imu,1.1236616519745783,2.005570816305008,0.06444418841956846,0.041452556667948226
1,roll,mahony_kp0p6_band0p20,quat_ekf,3.0166401453306304,6.185625340869822,0.68756868139112,0.8296014059012995
1,pitch,mahony_kp0p6_band0p20,quat_ekf,3.340686063967759,7.4232308986996,-1.7286478459473233,-0.3221342106040992
1,roll,mahony_kp0p6_band0p20,madgwick_imu,1.6254927992679347,3.3747962959910214,0.1203585334145381,0.03286396127994218
1,pitch,mahony_kp0p6_band0p20,madgwick_imu,1.5332703408119923,2.9990284329374997,0.12688457575859785,0.024670398225321133
1,roll,mahony_kp0p6_band0p50,quat_ekf,2.8194014966688163,6.1006678839913775,0.46955779735902675,0.8512222114993686
1,pitch,mahony_kp0p6_band0p50,quat_ekf,3.142350782645072,6.675450369535049,-1.6948643971837924,-0.28358805952385446
1,roll,mahony_kp0p6_band0p50,madgwick_imu,1.4658385914885057,2.9444484224011562,-0.097652350617555,0.05448476687801129
1,pitch,mahony_kp0p6_band0p50,madgwick_imu,1.200694312730996,1.8644012914144579,0.160668024522129,0.06321654930556586
1,roll,bf_gate_kp0p25_ki0,quat_ekf,3.124543254361027,6.1563002185413085,0.45534139337647117,1.3299567226806173
1,pitch,bf_gate_kp0p25_ki0,quat_ekf,4.546771919310548,9.146940046281845,-2.8128575407602594,-0.1530683690911654
1,roll,bf_gate_kp0p25_ki0,madgwick_imu,1.9803603349962835,4.023255887888535,-0.11186875460011057,0.53321927805926
1,pitch,bf_gate_kp0p25_ki0,madgwick_imu,2.8276021147674255,5.632569863875626,-0.9573251190543381,0.19373623973825493
1,roll,madgwick_imu,quat_ekf,2.9788908380030024,6.724621982639257,0.5672101479765819,0.7967374446213573
1,pitch,madgwick_imu,quat_ekf,3.2541307385452978,7.0562277366582755,-1.8555324217059215,-0.3468046088294203
2,roll,mahony_kp0p3_ki0p00,quat_ekf,2.1872033477011836,4.387476955497623,-0.18367703587930198,1.9071788287078335
2,pitch,mahony_kp0p3_ki0p00,quat_ekf,3.5314306248447878,7.081070273673822,-2.7518024779376,-1.559381695831139
2,roll,mahony_kp0p3_ki0p00,madgwick_imu,1.2535622184462176,2.3907150734882365,0.0909887220060621,1.6411081235534148
2,pitch,mahony_kp0p3_ki0p00,madgwick_imu,1.725639833935364,3.0666904679252385,-0.8548343988084367,0.336599068023955
2,roll,mahony_kp0p3_ki0p02,quat_ekf,2.2000529717954045,4.406416765398954,-0.2750000083633568,1.6825016939505137
2,pitch,mahony_kp0p3_ki0p02,quat_ekf,3.2024352447557223,6.606193863343906,-2.349253704857057,-1.301143311701698
2,roll,mahony_kp0p3_ki0p02,madgwick_imu,1.2443845716869597,2.4062891439988543,-0.00033425047799280345,1.416430988796095
2,pitch,mahony_kp0p3_ki0p02,madgwick_imu,1.574137638515123,2.6779230579671327,-0.4522856257278939,0.5948374521533961
2,roll,mahony_kp0p4_ki0p00,quat_ekf,2.130070950618992,4.269361872057524,-0.21460099711045688,1.4315400063327641
2,pitch,mahony_kp0p4_ki0p00,quat_ekf,3.2636176644337827,6.410983551231668,-2.465999928150255,-1.604289922547776
2,roll,mahony_kp0p4_ki0p00,madgwick_imu,1.150388672875421,2.063315250410466,0.06006476077490717,1.1654693011783455
2,pitch,mahony_kp0p4_ki0p00,madgwick_imu,1.5011568321938493,2.541705432273904,-0.5690318490210922,0.29169084130731804
2,roll,mahony_kp0p4_ki0p02,quat_ekf,2.1386307768454493,4.330712357681425,-0.27366899007116396,1.26108094499565
2,pitch,mahony_kp0p4_ki0p02,quat_ekf,3.0601981001401386,6.097467494917075,-2.2096184604486715,-1.4848873869895414
2,roll,mahony_kp0p4_ki0p02,madgwick_imu,1.1447732980852199,2.070650992666605,0.0009967678142000543,0.9950102398412313
2,pitch,mahony_kp0p4_ki0p02,madgwick_imu,1.4357003889307494,2.313226850149544,-0.31265038131950823,0.4110933768655527
2,roll,mahony_kp0p5_ki0p00,quat_ekf,2.0859719061843927,4.183194307163962,-0.2372960334165291,1.0836157163289424
2,pitch,mahony_kp0p5_ki0p00,quat_ekf,3.1084477665264427,6.164707955561618,-2.293880145892595,-1.6991461083233945
2,roll,mahony_kp0p5_ki0p00,madgwick_imu,1.0692592308521098,1.872103860190777,0.037369724468834964,0.8175450111745237
2,pitch,mahony_kp0p5_ki0p00,madgwick_imu,1.3706505509979146,2.1600398368712965,-0.396912066763432,0.19683465553169954
2,roll,mahony_kp0p5_ki0p02,quat_ekf,2.092137027421903,4.227347157689669,-0.2786787322763363,0.9532750272185626
2,pitch,mahony_kp0p5_ki0p02,quat_ekf,2.970292872613518,5.953183024803374,-2.1163559638027163,-1.637880063965783
2,roll,mahony_kp0p5_ki0p02,madgwick_imu,1.06564977291933,1.891103793170133,-0.004012974390972356,0.687204322064144
2,pitch,mahony_kp0p5_ki0p02,madgwick_imu,1.341127470556121,2.2130135865225187,-0.2193878846735531,0.25810069988931117
2,roll,mahony_kp0p6_ki0p00,quat_ekf,2.055259045983421,4.216607249028705,-0.2555850404310906,0.8368312676172178
2,pitch,mahony_kp0p6_ki0p00,quat_ekf,3.0146103853919155,6.125777530855907,-2.181195244269392,-1.784227730216371
2,roll,mahony_kp0p6_ki0p00,madgwick_imu,1.009928545855495,1.7914979999081708,0.019080717454273484,0.5707605624627992
2,pitch,mahony_kp0p6_ki0p00,madgwick_imu,1.2892811789542977,2.038749083729107,-0.284227165140229,0.11175303363872313
2,roll,mahony_kp0p6_ki0p02,quat_ekf,2.059949190981896,4.246604731365266,-0.28622013545110775,0.736540895957638
2,pitch,mahony_kp0p6_ki0p02,quat_ekf,2.9146481353393394,5.970420879579211,-2.0509564768083663,-1.7495478533109377
2,roll,mahony_kp0p6_ki0p02,madgwick_imu,1.0075882558394271,1.7962153248672006,-0.011554377565743738,0.4704701908032194
2,pitch,mahony_kp0p6_ki0p02,madgwick_imu,1.2762753066006973,2.1071440762131033,-0.153988397679203,0.1464329105441564
2,roll,mahony_kp0p8_ki0p00,quat_ekf,2.0316125931169884,4.238489138132354,-0.28505401794359214,0.5457134515436062
2,pitch,mahony_kp0p8_ki0p00,quat_ekf,2.9298777231771678,5.986278558877083,-2.046773181590424,-1.8961169782621492
2,roll,mahony_kp0p8_ki0p00,madgwick_imu,0.954409198002674,1.8199620084001735,-0.010388260058228077,0.2796427463891875
2,pitch,mahony_kp0p8_ki0p00,madgwick_imu,1.216663909816419,1.8859655829568833,-0.1498051024612606,-0.0001362144070551352
2,roll,mahony_kp0p8_ki0p02,quat_ekf,2.0346274471581296,4.250820055104928,-0.30382584863050316,0.4852264056941238
2,pitch,mahony_kp0p8_ki0p02,quat_ekf,2.870658578947911,5.890102940186011,-1.9679362288104625,-1.880881761114055
2,roll,mahony_kp0p8_ki0p02,madgwick_imu,0.9535221211987578,1.8154744028308423,-0.02916009074513919,0.21915570053970512
2,pitch,mahony_kp0p8_ki0p02,madgwick_imu,1.215678666120067,1.9589552151964589,-0.0709681496812991,0.015099002741039147
2,roll,mahony_kp1p0_ki0p00,quat_ekf,2.051195306622646,4.286287921396364,-0.3092337810781161,0.4077117580398617
2,pitch,mahony_kp1p0_ki0p00,quat_ekf,2.9237748177122556,6.059981076878153,-1.9730100958235284,-1.9504843270144616
2,roll,mahony_kp1p0_ki0p00,madgwick_imu,0.9721886416957323,1.8739902870090406,-0.03456802319275202,0.14164105288544304
2,pitch,mahony_kp1p0_ki0p00,madgwick_imu,1.2278654098654755,2.142262477247338,-0.07604201669436526,-0.05450356315936755
2,roll,mahony_kp1p0_ki0p02,quat_ekf,2.0533029890099255,4.291988100750865,-0.32193299817484317,0.37026970587540253
2,pitch,mahony_kp1p0_ki0p02,quat_ekf,2.884810867039289,5.9940089501617155,-1.920037424937737,-1.940593556966009
2,roll,mahony_kp1p0_ki0p02,madgwick_imu,0.9720058078815219,1.8793967212733618,-0.047267240289479116,0.10419900072098387
2,pitch,mahony_kp1p0_ki0p02,madgwick_imu,1.2296694982953755,2.167801655113616,-0.023069345808573772,-0.04461279311091504
2,roll,mahony_kp1p2_ki0p00,quat_ekf,2.1037636602326546,4.353204010191477,-0.33034770620239967,0.3425910456708272
2,pitch,mahony_kp1p2_ki0p00,quat_ekf,2.9626438344281967,5.992238437287866,-1.9289021010864342,-1.9738946493208465
2,roll,mahony_kp1p2_ki0p00,madgwick_imu,1.042654478397599,2.096158214622264,-0.055681948317035566,0.07652034051640855
2,pitch,mahony_kp1p2_ki0p00,madgwick_imu,1.2967042659516856,2.37854209355694,-0.03193402195727093,-0.0779138854657524
2,roll,mahony_kp1p2_ki0p02,quat_ekf,2.105313794827175,4.355358078738447,-0.33951815859453616,0.31877291352041137
2,pitch,mahony_kp1p2_ki0p02,quat_ekf,2.9352448792412127,5.944081657458947,-1.8907724319783112,-1.9658237216367445
2,roll,mahony_kp1p2_ki0p02,madgwick_imu,1.0427951637521686,2.100868205449192,-0.06485240070917206,0.05270220836599271
2,pitch,mahony_kp1p2_ki0p02,madgwick_imu,1.298804446490019,2.3719859024499077,0.006195647150851788,-0.0698429577816504
2,roll,mahony_kp0p6_band0p20,quat_ekf,2.0642803181994274,4.205561201059186,-0.21098909440668645,0.7253249708182081
2,pitch,mahony_kp0p6_band0p20,quat_ekf,3.191184444896199,6.537833606832249,-2.337670425948597,-1.7538034998823813
2,roll,mahony_kp0p6_band0p20,madgwick_imu,1.1175707087905256,1.9878576725779533,0.06367666347867762,0.45925426566378946
2,pitch,mahony_kp0p6_band0p20,madgwick_imu,1.4387224459413384,2.311439570592388,-0.44070234681943377,0.1421772639727128
2,roll,mahony_kp0p6_band0p50,quat_ekf,2.0612471864474173,4.321175929154704,-0.3484244930540226,0.7312387426563345
2,pitch,mahony_kp0p6_band0p50,quat_ekf,2.7928914332756762,5.715210981890407,-1.934731209532871,-1.748076348679557
2,roll,mahony_kp0p6_band0p50,madgwick_imu,0.9784834827150392,1.7958528474056707,-0.07375873516865866,0.4651680375019158
2,pitch,mahony_kp0p6_band0p50,madgwick_imu,1.2403000999937352,2.05159425667045,-0.03776313040370784,0.1479044151755371
2,roll,bf_gate_kp0p25_ki0,quat_ekf,2.2900998816202245,4.7416975306957765,0.13971798268709557,1.9463731112404488
2,pitch,bf_gate_kp0p25_ki0,quat_ekf,5.464336882448238,10.18113368490123,-4.573054602968914,-3.145218906412477
2,roll,bf_gate_kp0p25_ki0,madgwick_imu,1.5475158043027752,3.027723729319694,0.4143837405724596,1.68030240608603
2,pitch,bf_gate_kp0p25_ki0,madgwick_imu,3.5808313606120517,7.048554076035057,-2.6760865238397504,-1.2492381425573829
2,roll,madgwick_imu,quat_ekf,2.118011551990723,4.144349134413513,-0.27466575788536407,0.26607070515441866
2,pitch,madgwick_imu,quat_ekf,2.967942458956407,5.638396061296693,-1.8969680791291632,-1.895980763855094
3,roll,mahony_kp0p3_ki0p00,quat_ekf,2.68539951937981,5.971466258625938,0.8877385991104589,0.12417322901118988
3,pitch,mahony_kp0p3_ki0p00,quat_ekf,3.7202516905522964,7.462578444366805,-2.927394112705365,0.05899494417678097
3,roll,mahony_kp0p3_ki0p00,madgwick_imu,1.60432244123584,3.1005299186837676,0.3585432551218556,-0.4006524323052649
3,pitch,mahony_kp0p3_ki0p00,madgwick_imu,1.6809087723920724,3.4237108863250003,-0.9409996417180346,-0.5979542379162801
3,roll,mahony_kp0p3_ki0p02,quat_ekf,2.644608801552612,5.902926453884787,0.7897261113596126,0.1785282257863834
3,pitch,mahony_kp0p3_ki0p02,quat_ekf,3.429832280905488,7.019545119708725,-2.617412311466793,0.3274808676115053
3,roll,mahony_kp0p3_ki0p02,madgwick_imu,1.5654021109186353,3.0101245010011497,0.26053076737100933,-0.3462974355300714
3,pitch,mahony_kp0p3_ki0p02,madgwick_imu,1.495825901306213,3.017946148252396,-0.6310178404794629,-0.3294683144815558
3,roll,mahony_kp0p4_ki0p00,quat_ekf,2.659320114800636,5.968074480699304,0.8258883423368457,0.32171155579200494
3,pitch,mahony_kp0p4_ki0p00,quat_ekf,3.416338048475045,6.966622825342395,-2.595700268282842,0.28098666393658167
3,roll,mahony_kp0p4_ki0p00,madgwick_imu,1.5140597629637633,2.8944619971481482,0.2966929983482424,-0.20311410552444986
3,pitch,mahony_kp0p4_ki0p00,madgwick_imu,1.3490414692853852,2.7596431858519703,-0.6093057972955117,-0.3759625181564794
3,roll,mahony_kp0p4_ki0p02,quat_ekf,2.6322824731565073,5.893371318776057,0.7631496104954544,0.3601608339525164
3,pitch,mahony_kp0p4_ki0p02,quat_ekf,3.224626402288533,6.6541647286805174,-2.3914668745128296,0.46064065053266123
3,roll,mahony_kp0p4_ki0p02,madgwick_imu,1.486633145781293,2.796102498264114,0.233954266506851,-0.1646648273639384
3,pitch,mahony_kp0p4_ki0p02,madgwick_imu,1.24328879082108,2.476663559744758,-0.4050724035254992,-0.19630853156039985
3,roll,mahony_kp0p5_ki0p00,quat_ekf,2.6513537982083912,6.08443201190941,0.798470841526902,0.42855157871162364
3,pitch,mahony_kp0p5_ki0p00,quat_ekf,3.235540912658053,6.73971018460238,-2.393420662803952,0.4182823108270446
3,roll,mahony_kp0p5_ki0p00,madgwick_imu,1.4556415348400924,2.7515013937828265,0.26927549753829866,-0.09627408260483117
3,pitch,mahony_kp0p5_ki0p00,madgwick_imu,1.1373882938914515,2.322783075110791,-0.4070261918166217,-0.2386668712660165
3,roll,mahony_kp0p5_ki0p02,quat_ekf,2.6318794960403222,6.031398823286356,0.7551653343701367,0.45313112405155564
3,pitch,mahony_kp0p5_ki0p02,quat_ekf,3.0992879394001527,6.470576090217983,-2.248277087839989,0.546455588928989
3,roll,mahony_kp0p5_ki0p02,madgwick_imu,1.434426103008317,2.680131250447765,0.22596999038153334,-0.07169453726489916
3,pitch,mahony_kp0p5_ki0p02,madgwick_imu,1.072772630033593,2.154596794538905,-0.2618826168526589,-0.11049359316407203
3,roll,mahony_kp0p6_ki0p00,quat_ekf,2.6537408094742014,6.112610353770808,0.7860347027781925,0.48431710048584353
3,pitch,mahony_kp0p6_ki0p00,quat_ekf,3.1175459942586947,6.544235387960918,-2.2559592368946113,0.5067713846559503
3,roll,mahony_kp0p6_ki0p00,madgwick_imu,1.4175660845793503,2.661763391931785,0.25683935878958924,-0.04050856083061127
3,pitch,mahony_kp0p6_ki0p00,madgwick_imu,0.9939446041176165,2.047173095059852,-0.2695647659072807,-0.1501777974371108
3,roll,mahony_kp0p6_ki0p02,quat_ekf,2.6390103045265696,6.076214810002198,0.7545468199378883,0.49923708981151327
3,pitch,mahony_kp0p6_ki0p02,quat_ekf,3.015872095334947,6.335061617211093,-2.1473024898785056,0.6017093319829661
3,roll,mahony_kp0p6_ki0p02,madgwick_imu,1.400432930357474,2.6056140832892978,0.2253514759492851,-0.025588571504941537
3,pitch,mahony_kp0p6_ki0p02,madgwick_imu,0.9539610540107467,1.9696436154386154,-0.16090801889117518,-0.05523985011009502
3,roll,mahony_kp0p8_ki0p00,quat_ekf,2.678352534944703,6.129961336762347,0.7784835816502206,0.526507412480334
3,pitch,mahony_kp0p8_ki0p00,quat_ekf,2.980512606611869,6.228297634736551,-2.0780891225790747,0.6023837049202467
3,roll,mahony_kp0p8_ki0p00,madgwick_imu,1.3830093368348,2.6324355923815888,0.2492882376616173,0.0016817511638791416
3,pitch,mahony_kp0p8_ki0p00,madgwick_imu,0.8370037548674463,1.8248593598301388,-0.09169465159174438,-0.05456547717281435
3,roll,mahony_kp0p8_ki0p02,quat_ekf,2.6691387165719065,6.112574030598896,0.7599562341195586,0.5312532568231836
3,pitch,mahony_kp0p8_ki0p02,quat_ekf,2.9181503124292596,6.097946915683328,-2.010356778235787,0.6582687023205276
3,roll,mahony_kp0p8_ki0p02,madgwick_imu,1.3711581769236336,2.585023513281073,0.2307608901309554,0.006427595506728778
3,pitch,mahony_kp0p8_ki0p02,madgwick_imu,0.8242882112833815,1.7833141568110364,-0.023962307248456816,0.0013195202274665085
3,roll,mahony_kp1p0_ki0p00,quat_ekf,2.720387948431162,6.100125736854952,0.7778798679872159,0.5355014613573452
3,pitch,mahony_kp1p0_ki0p00,quat_ekf,2.9155682161754806,5.910448411360908,-1.9653374106188979,0.6441015291758254
3,roll,mahony_kp1p0_ki0p00,madgwick_imu,1.3871364136686322,2.6785302950068215,0.24868452399861252,0.010675800040890415
3,pitch,mahony_kp1p0_ki0p00,madgwick_imu,0.7973813676557878,1.705257915474828,0.021057060368432433,-0.012847652917235663
3,roll,mahony_kp1p0_ki0p02,quat_ekf,2.7141702036623907,6.08469948775454,0.765862462700023,0.5364095563808031
3,pitch,mahony_kp1p0_ki0p02,quat_ekf,2.8738895035151386,5.823294788356083,-1.9188570190100682,0.679226328781362
3,roll,mahony_kp1p0_ki0p02,madgwick_imu,1.3786060084485428,2.652801128836042,0.2366671187114197,0.011583895064348315
3,pitch,mahony_kp1p0_ki0p02,madgwick_imu,0.7975501925500241,1.7002931287903924,0.06753745197726213,0.02227714668830094
3,roll,mahony_kp1p2_ki0p00,quat_ekf,2.7731441666054875,6.045415059628735,0.7780258928161563,0.5360096078351111
3,pitch,mahony_kp1p2_ki0p00,quat_ekf,2.89101821888988,5.769054586083829,-1.886048169124546,0.6630873128044024
3,roll,mahony_kp1p2_ki0p00,madgwick_imu,1.4173838202278155,2.771601987555892,0.24883054882755298,0.011183946518656285
3,pitch,mahony_kp1p2_ki0p00,madgwick_imu,0.830378030368032,1.7440717648879558,0.10034630186278419,0.006138130711341283
3,roll,mahony_kp1p2_ki0p02,quat_ekf,2.7687268585134666,6.039462352881425,0.769693226525265,0.5355803688546947
3,pitch,mahony_kp1p2_ki0p02,quat_ekf,2.8615039102184916,5.7074925834661006,-1.852021509398315,0.6863111703315452
3,roll,mahony_kp1p2_ki0p02,madgwick_imu,1.4110839922810936,2.75286024719187,0.24049788253666174,0.010754707538239927
3,pitch,mahony_kp1p2_ki0p02,madgwick_imu,0.8359738673765655,1.768124171221126,0.13437296158901538,0.029361988238484127
3,roll,mahony_kp0p6_band0p20,quat_ekf,2.706945372803136,6.110894927820117,0.8522160314189309,0.4843929648006675
3,pitch,mahony_kp0p6_band0p20,quat_ekf,3.2398946057981175,6.69582714434623,-2.3888553902837537,0.5888212910671999
3,roll,mahony_kp0p6_band0p20,madgwick_imu,1.506274398783854,2.888815062576532,0.3230206874303277,-0.04043269651578729
3,pitch,mahony_kp0p6_band0p20,madgwick_imu,1.1721608222669757,2.39485589610365,-0.40246091929642336,-0.06812789102586114
3,roll,mahony_kp0p6_band0p50,quat_ekf,2.5933431495223744,5.947153402155455,0.688348591167497,0.5058848365845332
3,pitch,mahony_kp0p6_band0p50,quat_ekf,2.9358207803646046,6.15931263340674,-2.068444213219983,0.6051624481583211
3,roll,mahony_kp0p6_band0p50,madgwick_imu,1.3556743514820986,2.484887643609518,0.15915324717889384,-0.0189408247319216
3,pitch,mahony_kp0p6_band0p50,madgwick_imu,0.8885994110924554,1.886441889367287,-0.08204974223265246,-0.05178673393473998
3,roll,bf_gate_kp0p25_ki0,quat_ekf,2.996291550911131,6.192276626167215,1.489749752935587,-0.04041122407329589
3,pitch,bf_gate_kp0p25_ki0,quat_ekf,5.729455428736537,10.182103394922269,-5.013737829331453,-0.5267860329246745
3,roll,bf_gate_kp0p25_ki0,madgwick_imu,2.125462395389354,4.072956539229803,0.9605544089469835,-0.5652368853897507
3,pitch,bf_gate_kp0p25_ki0,madgwick_imu,3.6651538857928703,6.646674586375957,-3.027343358344123,-1.1837352150177356
3,roll,madgwick_imu,quat_ekf,2.6043758409075957,5.7107292898630035,0.5291953439886031,0.5248256613164548
3,pitch,madgwick_imu,quat_ekf,2.864537665050191,5.5666214460322925,-1.9863944709873305,0.6569491820930611
4,roll,mahony_kp0p3_ki0p00,quat_ekf,2.6714927925733147,5.756203594828597,0.8551766135779061,1.9358566306006026
4,pitch,mahony_kp0p3_ki0p00,quat_ekf,3.056678872615653,6.853830357934326,-2.040585686780749,-1.8144631838818048
4,roll,mahony_kp0p3_ki0p00,madgwick_imu,1.4370678495360043,2.565863219081723,0.32903254999332554,0.9000008825628631
4,pitch,mahony_kp0p3_ki0p00,madgwick_imu,1.1891628900775542,2.4957268785301197,0.002259782370049239,0.9942804537866579
4,roll,mahony_kp0p3_ki0p02,quat_ekf,2.6728242451213196,5.744430263178992,0.8358135651761986,1.8788748564668216
4,pitch,mahony_kp0p3_ki0p02,quat_ekf,2.792229350795883,6.419542433979834,-1.6651571146067274,-1.5136817597209022
4,roll,mahony_kp0p3_ki0p02,madgwick_imu,1.4304236944240136,2.5457007318071585,0.30966950159161816,0.8430191084290821
4,pitch,mahony_kp0p3_ki0p02,madgwick_imu,1.2371755629837662,2.3501387175947186,0.3776883545440705,1.2950618779475604
4,roll,mahony_kp0p4_ki0p00,quat_ekf,2.563045861292754,5.551888409918495,0.7759164436399648,1.829927240028248
4,pitch,mahony_kp0p4_ki0p00,quat_ekf,2.9183261274830343,6.502322202793258,-1.9378427470380393,-1.995123215408256
4,roll,mahony_kp0p4_ki0p00,madgwick_imu,1.2999207107140582,2.202725609331664,0.2497723800553842,0.7940714919905085
4,pitch,mahony_kp0p4_ki0p00,madgwick_imu,1.0232662301062923,2.1051175771225474,0.10500272211275857,0.8136204222602066
4,roll,mahony_kp0p4_ki0p02,quat_ekf,2.5630800457611325,5.549113175161691,0.7611171796540788,1.781570233489767
4,pitch,mahony_kp0p4_ki0p02,quat_ekf,2.7509683193148704,6.23347365327883,-1.7028227040652055,-1.829741648472091
4,roll,mahony_kp0p4_ki0p02,madgwick_imu,1.2953142824684234,2.201427972347926,0.23497311606949822,0.7457144854520275
4,pitch,mahony_kp0p4_ki0p02,madgwick_imu,1.0685896971634092,2.052037093300689,0.3400227650855921,0.9790019891963717
4,roll,mahony_kp0p5_ki0p00,quat_ekf,2.4929573797436664,5.445063336514138,0.7240206623451032,1.7501994830889296
4,pitch,mahony_kp0p5_ki0p00,quat_ekf,2.843454699885374,6.34351245896117,-1.8773197435941547,-2.1615084655798276
4,roll,mahony_kp0p5_ki0p00,madgwick_imu,1.2024540112206419,1.8924570507383127,0.19787659876052255,0.7143437350511901
4,pitch,mahony_kp0p5_ki0p00,madgwick_imu,0.8950622690976756,1.7850416708150871,0.16552572555664347,0.6472351720886351
4,roll,mahony_kp0p5_ki0p02,quat_ekf,2.4925522029137435,5.441503461645025,0.7125630631080034,1.707413962969837
4,pitch,mahony_kp0p5_ki0p02,quat_ekf,2.7284401253895436,6.156132470827828,-1.7164448706385413,-2.0613588399883955
4,roll,mahony_kp0p5_ki0p02,madgwick_imu,1.199094381419077,1.8893175462396365,0.18641899952342292,0.6715582149320976
4,pitch,mahony_kp0p5_ki0p02,madgwick_imu,0.9363216412442867,1.804415174077604,0.3264005985122564,0.7473847976800672
4,roll,mahony_kp0p6_ki0p00,quat_ekf,2.451749387664353,5.388010178423225,0.686441143737101,1.6805919260578843
4,pitch,mahony_kp0p6_ki0p00,quat_ekf,2.8079047095227376,6.2399749893942085,-1.8393079295846138,-2.297370673311374
4,roll,mahony_kp0p6_ki0p00,madgwick_imu,1.1356386062176167,1.7181707396471522,0.16029708015252037,0.6447361780201448
4,pitch,mahony_kp0p6_ki0p00,madgwick_imu,0.7932433122213451,1.5671852495773881,0.2035375395661844,0.5113729643570886
4,roll,mahony_kp0p6_ki0p02,quat_ekf,2.451194451834391,5.386865740355645,0.6773645944140774,1.6418040008008368
4,pitch,mahony_kp0p6_ki0p02,quat_ekf,2.7243266248334868,6.102817977058508,-1.7222541214125424,-2.2320437647117877
4,roll,mahony_kp0p6_ki0p02,madgwick_imu,1.1330830312092763,1.7110658394898233,0.1512205308294968,0.6059482527630973
4,pitch,mahony_kp0p6_ki0p02,madgwick_imu,0.8303960655899134,1.6179851940921313,0.3205913477382556,0.576699872956675
4,roll,mahony_kp0p8_ki0p00,quat_ekf,2.4332427859789316,5.381467025222137,0.6345194251037249,1.5536196041150365
4,pitch,mahony_kp0p8_ki0p00,quat_ekf,2.808273722004476,6.10651258683477,-1.798710473720617,-2.48201294371641
4,roll,mahony_kp0p8_ki0p00,madgwick_imu,1.0770478245676836,1.578724923154576,0.10837536151914436,0.517763856077297
4,pitch,mahony_kp0p8_ki0p00,madgwick_imu,0.6585487137842322,1.3348723569740266,0.2441349954301809,0.3267306939520527
4,roll,mahony_kp0p8_ki0p02,quat_ekf,2.4326538755458547,5.3788811067648865,0.6284125263162986,1.5209090202646767
4,pitch,mahony_kp0p8_ki0p02,quat_ekf,2.7589739882720865,6.020045454136997,-1.7286869847166608,-2.4489068250186934
4,roll,mahony_kp0p8_ki0p02,madgwick_imu,1.0754512088609451,1.5719192210293425,0.10226846273171812,0.48505327222693717
4,pitch,mahony_kp0p8_ki0p02,madgwick_imu,0.6879716170076534,1.3891245554493366,0.31415848443413724,0.3598368126497693
4,roll,mahony_kp1p0_ki0p00,quat_ekf,2.471814938061449,5.465154948880221,0.5996767204107857,1.4422370668315452
4,pitch,mahony_kp1p0_ki0p00,quat_ekf,2.8624817660122672,6.257923488285003,-1.782258298324206,-2.585445888603863
4,roll,mahony_kp1p0_ki0p00,madgwick_imu,1.0949189584578884,1.6404730818243773,0.07353265682620509,0.4063813187938057
4,pitch,mahony_kp1p0_ki0p00,madgwick_imu,0.6131020262739912,1.22288386393399,0.26058717082659205,0.22329774906459976
4,roll,mahony_kp1p0_ki0p02,quat_ekf,2.4712859491476076,5.46114351459327,0.5952429482151529,1.4147043203640561
4,pitch,mahony_kp1p0_ki0p02,quat_ekf,2.830415947648825,6.20008156717858,-1.735633835888812,-2.5654860636498693
4,roll,mahony_kp1p0_ki0p02,madgwick_imu,1.0938754003393982,1.6368035623295996,0.06909888463057243,0.37884857232631663
4,pitch,mahony_kp1p0_ki0p02,madgwick_imu,0.6349141215349059,1.2571777241555877,0.30721163326198603,0.24325757401859338
4,roll,mahony_kp1p2_ki0p00,quat_ekf,2.5423955315715983,5.69010140250364,0.5741074258426916,1.3514509042288632
4,pitch,mahony_kp1p2_ki0p00,quat_ekf,2.942741882509838,6.516564504954693,-1.7775903207258845,-2.6437696799223303
4,roll,mahony_kp1p2_ki0p00,madgwick_imu,1.1606866329756735,1.9419020221847476,0.047963362258110966,0.31559515619112366
4,pitch,mahony_kp1p2_ki0p00,madgwick_imu,0.6424433937818055,1.3419696842140274,0.2652551484249133,0.16497395774613244
4,roll,mahony_kp1p2_ki0p02,quat_ekf,2.5419414003345047,5.688424696926969,0.5707068817330629,1.328581141004109
4,pitch,mahony_kp1p2_ki0p02,quat_ekf,2.9204603076236153,6.472521886130535,-1.7442926086509776,-2.6302425660609074
4,roll,mahony_kp1p2_ki0p02,madgwick_imu,1.1599920057131599,1.9404578664798824,0.044562818148482376,0.29272539296636957
4,pitch,mahony_kp1p2_ki0p02,madgwick_imu,0.6574186926081551,1.3595004625865712,0.2985528604998201,0.17850107160755524
4,roll,mahony_kp0p6_band0p20,quat_ekf,2.5614201394000062,5.598101737323418,0.8079673271000878,1.6063326880664168
4,pitch,mahony_kp0p6_band0p20,quat_ekf,2.802297559689505,6.304157728758956,-1.7904851246655178,-2.1998402724112607
4,roll,mahony_kp0p6_band0p20,madgwick_imu,1.2792084921588884,2.1810388582382805,0.2818232635155071,0.5704769400286773
4,pitch,mahony_kp0p6_band0p20,madgwick_imu,0.9624005402395085,1.8789850047715624,0.25236034448528016,0.608903365257202
4,roll,mahony_kp0p6_band0p50,quat_ekf,2.4176110539322178,5.272700781985091,0.6115457661976748,1.6575029066484692
4,pitch,mahony_kp0p6_band0p50,quat_ekf,2.6989167346152265,5.96489582474563,-1.697471753899658,-2.2456180980200413
4,roll,mahony_kp0p6_band0p50,madgwick_imu,1.0866881894472473,1.63413942387254,0.08540170261309427,0.6216471586107297
4,pitch,mahony_kp0p6_band0p50,madgwick_imu,0.7825126365531193,1.4988994401732894,0.34537371525113986,0.5631255396484214
4,roll,bf_gate_kp0p25_ki0,quat_ekf,3.1462252849796406,6.6918693453328455,1.3788230673219533,2.210285580383352
4,pitch,bf_gate_kp0p25_ki0,quat_ekf,3.877877270841776,8.379889139382989,-2.6816100956559854,-2.2236041755246165
4,roll,bf_gate_kp0p25_ki0,madgwick_imu,1.998770403663618,3.792959867519449,0.8526790037373724,1.1744298323456124
4,pitch,bf_gate_kp0p25_ki0,madgwick_imu,1.8805574991605383,4.0995261663796425,-0.6387646265051876,0.5851394621438462
4,roll,madgwick_imu,quat_ekf,2.502240656471675,5.368822410307045,0.5261440635845807,1.0358557480377395
4,pitch,madgwick_imu,quat_ekf,3.0759950326355137,6.73839996697215,-2.042845469150798,-2.8087436376684627
5,roll,mahony_kp0p3_ki0p00,quat_ekf,2.568181175078934,5.5995191442361865,0.6082733532344459,1.2038303378330237
5,pitch,mahony_kp0p3_ki0p00,quat_ekf,3.320999256674814,6.7067383294664635,-2.3643923246943532,-0.7442593702124705
5,roll,mahony_kp0p3_ki0p00,madgwick_imu,1.8237899646964502,3.6429519995949944,0.6082809602470903,0.09704280395454035
5,pitch,mahony_kp0p3_ki0p00,madgwick_imu,1.991040265425619,4.116170708259064,-1.3896315129656909,-0.44179904011866844
5,roll,mahony_kp0p3_ki0p02,quat_ekf,2.50267586436644,5.168082777706351,0.30972491886574766,1.1211110159580921
5,pitch,mahony_kp0p3_ki0p02,quat_ekf,3.1079717671805267,6.463787093055971,-2.1032542141028934,-0.24831338982747075
5,roll,mahony_kp0p3_ki0p02,madgwick_imu,1.722378001336942,3.3236376380164705,0.30973252587839206,0.014323482079608763
5,pitch,mahony_kp0p3_ki0p02,madgwick_imu,1.8000814567808658,3.805305218403771,-1.128493402374231,0.05414694026633127
5,roll,mahony_kp0p4_ki0p00,quat_ekf,2.4732838912980823,5.372840328906572,0.5041576845180998,1.1907438311350313
5,pitch,mahony_kp0p4_ki0p00,quat_ekf,2.912026317794584,6.214243966691923,-1.9140994037943093,-0.577273769541875
5,roll,mahony_kp0p4_ki0p00,madgwick_imu,1.6267748038893082,3.0316918873104455,0.5041652915307443,0.08395629725654796
5,pitch,mahony_kp0p4_ki0p00,madgwick_imu,1.5083216782844675,3.1599171376079997,-0.9393385920656476,-0.274813439448073
5,roll,mahony_kp0p4_ki0p02,quat_ekf,2.4344894152037915,5.177528806867177,0.3163146022590943,1.1224378845174336
5,pitch,mahony_kp0p4_ki0p02,quat_ekf,2.787574348771954,5.998182726701193,-1.751858285201209,-0.29160895151290145
5,roll,mahony_kp0p4_ki0p02,madgwick_imu,1.5637557285310888,2.814263615432914,0.3163222092717388,0.01565035063895026
5,pitch,mahony_kp0p4_ki0p02,madgwick_imu,1.4038484563093703,2.9674418695393343,-0.7770974734725473,0.010851378580900573
5,roll,mahony_kp0p5_ki0p00,quat_ekf,2.415274720882273,5.299429611685424,0.4383379908582755,1.1767572387930092
5,pitch,mahony_kp0p5_ki0p00,quat_ekf,2.676297940198331,5.779889805019484,-1.6400693449773271,-0.5012327379594064
5,roll,mahony_kp0p5_ki0p00,madgwick_imu,1.4795270116218273,2.5649624846851333,0.43834559787092,0.06996970491452581
5,pitch,mahony_kp0p5_ki0p00,madgwick_imu,1.2005934892742454,2.574066011977727,-0.6653085332486651,-0.19877240786560435
5,roll,mahony_kp0p5_ki0p02,quat_ekf,2.390129987755489,5.153358305192325,0.30928108154482487,1.1206955165808958
5,pitch,mahony_kp0p5_ki0p02,quat_ekf,2.5962667620558455,5.646009490300418,-1.5299726941341025,-0.32136698374795003
5,roll,mahony_kp0p5_ki0p02,madgwick_imu,1.4368353674405792,2.409978743168662,0.3092886885574693,0.013907982702412447
5,pitch,mahony_kp0p5_ki0p02,madgwick_imu,1.1384263386280349,2.4542916896551565,-0.5552118824054405,-0.01890665365414801
5,roll,mahony_kp0p6_ki0p00,quat_ekf,2.3865005757347193,5.097667823945369,0.3920509677889219,1.1651234834474975
5,pitch,mahony_kp0p6_ki0p00,quat_ekf,2.5334030140487336,5.567349870725873,-1.4558903143625206,-0.45984184168894116
5,roll,mahony_kp0p6_ki0p00,madgwick_imu,1.3713095862740883,2.22925860125875,0.3920585748015664,0.05833594956901411
5,pitch,mahony_kp0p6_ki0p00,madgwick_imu,0.9901489183929167,2.1173299380892985,-0.4811295026338587,-0.15738151159513913
5,roll,mahony_kp0p6_ki0p02,quat_ekf,2.369208399553831,5.063608628314857,0.2978803575756704,1.1189837792481248
5,pitch,mahony_kp0p6_ki0p02,quat_ekf,2.4785369912031108,5.4642115710800985,-1.376492046050967,-0.3388329101519503
5,roll,mahony_kp0p6_ki0p02,madgwick_imu,1.3407995415437,2.1303278182460943,0.2978879645883149,0.012196245369641368
5,pitch,mahony_kp0p6_ki0p02,madgwick_imu,0.9516423939619962,2.0237190951946733,-0.40173123432230523,-0.03637258005814825
5,roll,mahony_kp0p8_ki0p00,quat_ekf,2.396308957040918,5.058184984021655,0.3292533362211966,1.148680511341274
5,pitch,mahony_kp0p8_ki0p00,quat_ekf,2.4039500179981457,5.228517162577958,-1.2240475625834901,-0.4158053769015666
5,roll,mahony_kp0p8_ki0p00,madgwick_imu,1.2559836961177857,2.0156238386086045,0.32926094323384114,0.041892977462790526
5,pitch,mahony_kp0p8_ki0p00,madgwick_imu,0.7635885237450244,1.559494033343988,-0.2492867508548285,-0.11334504680776458
5,roll,mahony_kp0p8_ki0p02,quat_ekf,2.387169618356651,5.065512461833643,0.2726836822733816,1.116721411908311
5,pitch,mahony_kp0p8_ki0p02,quat_ekf,2.374797256644569,5.17997417939252,-1.1773167553007764,-0.352352936940334
5,roll,mahony_kp0p8_ki0p02,madgwick_imu,1.2391009824697679,1.9395086107100419,0.27269128928602604,0.009933878029827703
5,pitch,mahony_kp0p8_ki0p02,madgwick_imu,0.7496680068926449,1.5334252218860616,-0.20255594357211457,-0.04989260684653196
5,roll,mahony_kp1p0_ki0p00,quat_ekf,2.4693923268269535,5.244414939264093,0.2865333075897975,1.1381134016023444
5,pitch,mahony_kp1p0_ki0p00,quat_ekf,2.394535279040901,5.02497404084923,-1.084400293896607,-0.3919658318321879
5,roll,mahony_kp1p0_ki0p00,madgwick_imu,1.2554893554645332,2.051698974146732,0.2865409146024419,0.031325867723861034
5,pitch,mahony_kp1p0_ki0p00,madgwick_imu,0.7400500534531915,1.6120640747706183,-0.10963948216794525,-0.0895055017383859
5,roll,mahony_kp1p0_ki0p02,quat_ekf,2.4641027559894857,5.2410013698471225,0.2487547387078329,1.1151925528273856
5,pitch,mahony_kp1p0_ki0p02,quat_ekf,2.3773421139611277,4.98614788828168,-1.053684493840902,-0.3536657037830273
5,roll,mahony_kp1p0_ki0p02,madgwick_imu,1.2458035577767876,1.9964540486562066,0.24876234572047737,0.008405018948902221
5,pitch,mahony_kp1p0_ki0p02,madgwick_imu,0.737114589653503,1.6035327993736126,-0.0789236821122402,-0.051205373689225286
5,roll,mahony_kp1p2_ki0p00,quat_ekf,2.5822590872335156,5.542003528656099,0.2539289446463566,1.1308387923010765
5,pitch,mahony_kp1p2_ki0p00,quat_ekf,2.4520885822198646,5.076265644121581,-0.9915768893905298,-0.3767868994551993
5,roll,mahony_kp1p2_ki0p00,madgwick_imu,1.3384085183776302,2.3028056314641945,0.25393655165900103,0.024051258422593147
5,pitch,mahony_kp1p2_ki0p00,madgwick_imu,0.8473081289884271,1.89285646458597,-0.016816077661867986,-0.07432656936139725
5,roll,mahony_kp1p2_ki0p02,quat_ekf,2.5790201630949796,5.538644107034303,0.22688631905746204,1.1138545137196556
5,pitch,mahony_kp1p2_ki0p02,quat_ekf,2.4412153972205304,5.038274752711889,-0.9698485184661599,-0.35129468225627924
5,roll,mahony_kp1p2_ki0p02,madgwick_imu,1.3327845805659133,2.2922993072122617,0.22689392607010653,0.007066979841172216
5,pitch,mahony_kp1p2_ki0p02,madgwick_imu,0.8482681227683051,1.8929116773548333,0.004912293262501836,-0.048834352162477224
5,roll,mahony_kp0p6_band0p20,quat_ekf,2.5196924879305933,5.415910024972246,0.4709789769985267,1.1265018968253089
5,pitch,mahony_kp0p6_band0p20,quat_ekf,2.995873654102781,6.3715681068405425,-1.876099518652299,-0.3273173609625335
5,roll,mahony_kp0p6_band0p20,madgwick_imu,1.6258849277889331,3.264174041079811,0.4709865840111711,0.019714362946825492
5,pitch,mahony_kp0p6_band0p20,madgwick_imu,1.561154821301015,3.3518961693502187,-0.9013387069236372,-0.024857030868731478
5,roll,mahony_kp0p6_band0p50,quat_ekf,2.3081598023315752,5.004252300074516,0.1949119239457784,1.1169557773992005
5,pitch,mahony_kp0p6_band0p50,quat_ekf,2.2971369371272954,5.050703026787441,-1.180564790562171,-0.3420843088173644
5,roll,mahony_kp0p6_band0p50,madgwick_imu,1.2461876533095497,1.791348095119212,0.19491953095842285,0.010168243520717102
5,pitch,mahony_kp0p6_band0p50,madgwick_imu,0.821984960362921,1.6709430301201607,-0.20580397883350934,-0.03962397872356238
5,roll,bf_gate_kp0p25_ki0,quat_ekf,3.1828919275102185,7.3805238359994805,1.4633008558450764,1.1888761833665704
5,pitch,bf_gate_kp0p25_ki0,quat_ekf,6.642496754843032,12.594095110339122,-5.5329101086058445,-1.1026849019689908
5,roll,bf_gate_kp0p25_ki0,madgwick_imu,2.8069308905346326,5.9924181548404425,1.4633084628577209,0.08208864948808703
5,pitch,bf_gate_kp0p25_ki0,madgwick_imu,5.525573800759331,10.85649845371795,-4.558149296877182,-0.8002245718751888
5,roll,madgwick_imu,quat_ekf,2.6334206126042887,5.230703409221512,-7.607012644403905e-06,1.1067875338784834
5,pitch,madgwick_imu,quat_ekf,2.469726528656246,4.989397882937367,-0.974760811728662,-0.302460330093802
6,roll,mahony_kp0p3_ki0p00,quat_ekf,2.1667916690858315,4.898633454308575,-1.136960865446749,-1.2542069608682886
6,pitch,mahony_kp0p3_ki0p00,quat_ekf,3.0414114222019775,6.24021577928892,-2.241365525943132,0.17195937644651504
6,roll,mahony_kp0p3_ki0p00,madgwick_imu,1.1112091172859575,2.1439354169154035,0.058092674005982656,0.013667420560156351
6,pitch,mahony_kp0p3_ki0p00,madgwick_imu,1.29955125605022,2.490443840299658,-0.5714715433341568,-0.6483864381957614
6,roll,mahony_kp0p3_ki0p02,quat_ekf,2.324733645344376,5.221360589877367,-1.343369859633629,-1.3245682475798795
6,pitch,mahony_kp0p3_ki0p02,quat_ekf,2.491762105078694,5.467617805268919,-1.6065508417215923,0.7728040828108633
6,roll,mahony_kp0p3_ki0p02,madgwick_imu,1.1382363202483317,2.0183108028778047,-0.1483163201808975,-0.05669386615143446
6,pitch,mahony_kp0p3_ki0p02,madgwick_imu,1.217397440762521,2.1129782279275178,0.06334314088738262,-0.04754173183141308
6,roll,mahony_kp0p4_ki0p00,quat_ekf,2.1398815928906667,4.872710326333194,-1.1551123559628758,-1.2383214858265859
6,pitch,mahony_kp0p4_ki0p00,quat_ekf,2.8779948737135506,5.92634702952349,-2.0646383144044576,0.3723805814355381
6,roll,mahony_kp0p4_ki0p00,madgwick_imu,1.026499694680456,1.7651955532976047,0.039941183489855855,0.02955289560185914
6,pitch,mahony_kp0p4_ki0p00,madgwick_imu,1.1451829612592044,1.9825874687424168,-0.3947443317954825,-0.4479652332067383
6,roll,mahony_kp0p4_ki0p02,quat_ekf,2.2447030982055187,5.099266991888003,-1.2915304491231507,-1.2972485114705583
6,pitch,mahony_kp0p4_ki0p02,quat_ekf,2.5073733342256426,5.379158969172077,-1.6372052999090887,0.7688700042599694
6,roll,mahony_kp0p4_ki0p02,madgwick_imu,1.04124943379838,1.7050589954435789,-0.09647690967041932,-0.02937413004211331
6,pitch,mahony_kp0p4_ki0p02,madgwick_imu,1.1099299849798776,1.8862405402329634,0.03268868269988659,-0.051475810382306975
6,roll,mahony_kp0p5_ki0p00,quat_ekf,2.127149701634864,4.8796473231811675,-1.1696277942090048,-1.2373622592545954
6,pitch,mahony_kp0p5_ki0p00,quat_ekf,2.7776750080269608,5.577189069399196,-1.9535522917961508,0.48042064199745926
6,roll,mahony_kp0p5_ki0p00,madgwick_imu,0.9669444490598204,1.5484435197020239,0.025425745243726733,0.030512122173849576
6,pitch,mahony_kp0p5_ki0p00,madgwick_imu,1.0414785398485173,1.726552533327712,-0.2836583091871755,-0.33992517264481714
6,roll,mahony_kp0p5_ki0p02,quat_ekf,2.2021130757488985,5.058488320087777,-1.2668106836009159,-1.2850554687525924
6,pitch,mahony_kp0p5_ki0p02,quat_ekf,2.5099359338933263,5.168390459315749,-1.6452174982838987,0.7639292753449043
6,roll,mahony_kp0p5_ki0p02,madgwick_imu,0.9765960462546118,1.5714621043015655,-0.07175714414818438,-0.01718108732414736
6,pitch,mahony_kp0p5_ki0p02,madgwick_imu,1.028386248906485,1.7086063055507086,0.024676484325076273,-0.056416539297372115
6,roll,mahony_kp0p6_ki0p00,quat_ekf,2.1256177960321123,4.911043124446309,-1.182527043281686,-1.239903163493901
6,pitch,mahony_kp0p6_ki0p00,quat_ekf,2.714552054968959,5.313344807641427,-1.8770989150612978,0.5469249674132151
6,roll,mahony_kp0p6_ki0p00,madgwick_imu,0.9291371543394823,1.4386834900089895,0.012526496171045693,0.027971217934543935
6,pitch,mahony_kp0p6_ki0p00,madgwick_imu,0.9698105912292946,1.5786787057162162,-0.20720493245232255,-0.27342084722906135
6,roll,mahony_kp0p6_ki0p02,quat_ekf,2.1819874446118117,5.0483302541977295,-1.2554130253725349,-1.2784113854010766
6,pitch,mahony_kp0p6_ki0p02,quat_ekf,2.5119001771701,4.989820478314644,-1.6436931465848554,0.7609947142274383
6,roll,mahony_kp0p6_ki0p02,madgwick_imu,0.9363438654699011,1.4801269511177166,-0.060359485919803356,-0.010537003972631576
6,pitch,mahony_kp0p6_ki0p02,madgwick_imu,0.9681255676700324,1.5633925927968524,0.026200836024119684,-0.059351100414838154
6,roll,mahony_kp0p8_ki0p00,quat_ekf,2.1455052060416553,4.953759130065541,-1.2053640948033983,-1.2459942200813872
6,pitch,mahony_kp0p8_ki0p00,quat_ekf,2.6557144522439335,5.194968462540216,-1.779060076582425,0.6250210077708269
6,roll,mahony_kp0p8_ki0p00,madgwick_imu,0.9062442323278422,1.4556680427104238,-0.010310555350666701,0.021880161347057836
6,pitch,mahony_kp0p8_ki0p00,madgwick_imu,0.8934820110635031,1.4717638731771463,-0.10916609397344956,-0.19532480687144949
6,roll,mahony_kp0p8_ki0p02,quat_ekf,2.1807456610156244,5.023503085782993,-1.250882981936987,-1.271962373920492
6,pitch,mahony_kp0p8_ki0p02,quat_ekf,2.528284052365544,4.925927860595387,-1.6313984713905985,0.7605113049647518
6,roll,mahony_kp0p8_ki0p02,madgwick_imu,0.9112655110380884,1.4935365124398177,-0.055829442484255414,-0.0040879924920469435
6,pitch,mahony_kp0p8_ki0p02,madgwick_imu,0.9008175332924961,1.4565121827289602,0.038495511218376445,-0.05983450967752457
6,roll,mahony_kp1p0_ki0p00,quat_ekf,2.1834995608198553,5.000328671306896,-1.2249008895496962,-1.2510365255621783
6,pitch,mahony_kp1p0_ki0p00,quat_ekf,2.6495846499497233,5.383211515086968,-1.7197347544153323,0.6702036385874912
6,roll,mahony_kp1p0_ki0p00,madgwick_imu,0.9329219297282363,1.7436933112895336,-0.02984735009696455,0.016837855866266738
6,pitch,mahony_kp1p0_ki0p00,madgwick_imu,0.8799252949486385,1.4487071069214554,-0.04984077180635739,-0.1501421760547852
6,roll,mahony_kp1p0_ki0p02,quat_ekf,2.2075803738628093,5.053341028228225,-1.256128774568578,-1.2695639649774526
6,pitch,mahony_kp1p0_ki0p02,quat_ekf,2.5625319510129154,5.188640340378681,-1.617611341627873,0.7637395516205809
6,roll,mahony_kp1p0_ki0p02,madgwick_imu,0.9368452214723192,1.772842158515611,-0.06107523511584647,-0.0016895835490076117
6,pitch,mahony_kp1p0_ki0p02,madgwick_imu,0.8888891576680596,1.476527146325889,0.05228264098110223,-0.05660626302169547
6,roll,mahony_kp1p2_ki0p00,quat_ekf,2.230794106899193,5.015450925437349,-1.2413937735368128,-1.255037027296063
6,pitch,mahony_kp1p2_ki0p00,quat_ekf,2.671896999026241,5.490613232229798,-1.6808919552548822,0.7000760530154704
6,roll,mahony_kp1p2_ki0p00,madgwick_imu,0.988972192908928,1.9801169300312556,-0.04634023408408116,0.012837354132382073
6,pitch,mahony_kp1p2_ki0p00,madgwick_imu,0.9064278709741695,1.4723539758942465,-0.010997972645907047,-0.12026976162680603
6,roll,mahony_kp1p2_ki0p02,quat_ekf,2.2482472765276516,5.054281105680425,-1.2642094105085482,-1.2689107098326855
6,pitch,mahony_kp1p2_ki0p02,quat_ekf,2.6089925496861723,5.362206197906682,-1.6059067433065761,0.768301254079121
6,roll,mahony_kp1p2_ki0p02,madgwick_imu,0.992117812733585,1.9854411103009335,-0.06915587105581629,-0.0010363284042405052
6,pitch,mahony_kp1p2_ki0p02,madgwick_imu,0.9146178848975972,1.5373642787083017,0.0639872393023989,-0.05204456056315543
6,roll,mahony_kp0p6_band0p20,quat_ekf,2.1874814952933113,4.899225172235839,-1.265160260045991,-1.2755370353350124
6,pitch,mahony_kp0p6_band0p20,quat_ekf,2.555475196838772,5.2984611717714705,-1.6885166432752923,0.7615482197953032
6,roll,mahony_kp0p6_band0p20,madgwick_imu,1.005111226703036,1.6602073171385443,-0.07010672059325924,-0.007662653906567396
6,pitch,mahony_kp0p6_band0p20,madgwick_imu,1.0707447885512205,1.8233351340715158,-0.01862266066631714,-0.05879759484697322
6,roll,mahony_kp0p6_band0p50,quat_ekf,2.182600436828174,5.086395531034139,-1.2577756907702693,-1.2788630613402936
6,pitch,mahony_kp0p6_band0p50,quat_ekf,2.4977069464889925,4.885725938001713,-1.6310246642271218,0.7609276040070361
6,roll,mahony_kp0p6_band0p50,madgwick_imu,0.9196511663088579,1.4449287600225307,-0.06272215131753754,-0.010988679911848598
6,pitch,mahony_kp0p6_band0p50,madgwick_imu,0.9245358751749934,1.4962734252273264,0.03886931838185337,-0.05941821063524033
6,roll,bf_gate_kp0p25_ki0,quat_ekf,2.233883153774647,4.587764241457259,-1.0819807953927039,-1.3823308124732758
6,pitch,bf_gate_kp0p25_ki0,quat_ekf,3.9002836066702034,7.886967205955546,-3.029973714481956,-0.16924531301006773
6,roll,bf_gate_kp0p25_ki0,madgwick_imu,1.3608200047332295,2.937600364905304,0.11307274406002764,-0.11445643104483083
6,pitch,bf_gate_kp0p25_ki0,madgwick_imu,1.9570113660576964,4.239474688725995,-1.360079731872981,-0.9895911276523441
6,roll,madgwick_imu,quat_ekf,2.287378027622394,5.573264530513195,-1.1950535394527317,-1.267874381428445
6,pitch,madgwick_imu,quat_ekf,2.7851020212721114,5.895031914585799,-1.6698939826089754,0.8203458146422764
