flight,axis,estimator,rms_vs_online_deg,mean_vs_online_deg,p95_abs_vs_online_deg,final_vs_online_deg
1,roll,bf_gate_kp025_ki0,2.1392143983391025,-1.9577460243313571,2.8778806337830467,-2.152106075629959
1,pitch,bf_gate_kp025_ki0,2.845595813702933,-1.2179936559966469,5.75437110261505,-0.36758024743059936
1,roll,current_kp10_ki002,2.5228727906598625,-1.865505412237843,4.7302286166970875,-2.6288635590188876
1,pitch,current_kp10_ki002,1.7516029657431094,-0.18105785952984713,3.599273331210507,-0.5127878471824963
1,roll,current_kp06_ki002,2.2091433246748724,-1.8389368794324141,3.6631546647363322,-2.638050921745176
1,pitch,current_kp06_ki002,1.5986437863865428,-0.12758682553495887,3.9720145185057385,-0.5080093457148516
1,roll,current_kp15_ki002,2.9346731827650276,-1.9097184130691147,6.047060176816694,-2.637785583710666
1,pitch,current_kp15_ki002,2.0829784795710022,-0.2127890384478089,4.3756159628777676,-0.5268044435596344
1,roll,current_kp10_ki0,2.520354564736739,-1.8629352706922484,4.72470573297413,-2.619394022461464
1,pitch,current_kp10_ki0,1.7539511440525666,-0.23561033292264905,3.587357994261999,-0.5774491223385145
1,roll,wide_kp10_band020,2.214721569457292,-1.721998885413586,3.89933910448707,-2.6356840933104033
1,pitch,wide_kp10_band020,1.6894328499518616,-0.18282802364022213,3.949651581506507,-0.519383368195719
1,roll,wide_kp10_band050,2.7263674096241295,-1.9768869765077073,5.369876829311322,-2.626064295721787
1,pitch,wide_kp10_band050,1.852731915202043,-0.1510927328237624,3.922660906438696,-0.511195897870856
1,roll,mid_gate_kp10,2.5230379296955916,-1.8667107206145,4.729290002514446,-2.6288696812480383
1,pitch,mid_gate_kp10,1.749331727895787,-0.18447122509262864,3.5887069848547397,-0.5128111474220078
1,roll,madgwick_imu,2.586331522349622,-1.8458772697312467,4.701123605103867,-2.685325353689219
1,pitch,madgwick_imu,1.835603269962089,-0.26066853694230874,3.461396973926462,-0.5613164871688543
1,roll,ekf_rp,2.8892711828443294,-2.2518456333537475,5.456160225511639,-2.5894138178220394
1,pitch,ekf_rp,1.772941164614676,-0.670299296437935,3.7738897970018037,-0.7884205590026192
2,roll,bf_gate_kp025_ki0,1.155521800162488,-1.0547135363159916,1.8615782376092915,-0.1884135826543254
2,pitch,bf_gate_kp025_ki0,0.9699235572994219,-0.8185331096891955,1.7172261985108122,-0.5549801362946547
2,roll,current_kp10_ki002,2.1011604571762077,-1.5163645171779303,4.190247241691854,-1.7645169880193716
2,pitch,current_kp10_ki002,3.0167678988661693,1.8344840683419814,5.8472146855833245,0.6496452131518132
2,roll,current_kp06_ki002,1.7964547636172867,-1.480651654454195,3.33193487851446,-1.398245797937136
2,pitch,current_kp06_ki002,2.6091117221456135,1.7035650164713518,5.041194888126812,0.8406909168068847
2,roll,current_kp15_ki002,2.4890029579721897,-1.5590265661037863,5.168986694720011,-1.845015337302167
2,pitch,current_kp15_ki002,3.3837263512495706,1.8891322179796897,6.914939995260025,0.6133961611548423
2,roll,current_kp10_ki0,2.0911275768033617,-1.5036653000812032,4.176227779961031,-1.7270749358549125
2,pitch,current_kp10_ki0,2.9787163130740173,1.7815113974561896,5.789189589424889,0.6397544431033607
2,roll,wide_kp10_band020,1.8507926512898916,-1.4389754961078336,3.5415487975163464,-1.7619675324676787
2,pitch,wide_kp10_band020,2.626028686688379,1.6161186690718685,5.210811730125644,0.6502821706629521
2,roll,wide_kp10_band050,2.2554134524771596,-1.5864901835870293,4.600745545508499,-1.7669375335133106
2,pitch,wide_kp10_band050,3.175080135946066,1.9319135357992974,6.366029267891555,0.6497248652190778
2,roll,mid_gate_kp10,2.10067935300981,-1.5160661733356113,4.1891565652119835,-1.764517001596837
2,pitch,mid_gate_kp10,3.0166010025422785,1.8339767289355142,5.843312471469139,0.6496452646730498
2,roll,madgwick_imu,2.0660828356722285,-1.4690972768884514,4.008179425896106,-1.8687159887403555
2,pitch,madgwick_imu,2.8060188889461686,1.857553414150555,5.654813985575736,0.6942580062627283
2,roll,ekf_rp,2.374018069480256,-1.7269782204976727,4.8530488924396264,-0.3472424776162675
2,pitch,ekf_rp,2.604486551086534,1.6196854334112905,5.60295792258013,1.512624910883459
3,roll,bf_gate_kp025_ki0,1.4823453660199606,-1.1993902514278483,2.196249991419985,-2.462958779185543
3,pitch,bf_gate_kp025_ki0,1.9987900507083463,-1.4909971987483308,4.046424982607498,-1.0945343731576829
3,roll,current_kp10_ki002,2.581788389320721,-1.9232775416634122,4.677145803988491,-1.8861379987314444
3,pitch,current_kp10_ki002,2.403786000774925,1.6038836115730546,4.6097517509418955,0.11147798854835367
3,roll,current_kp06_ki002,2.3665548892536052,-1.9345931844255468,3.962214603275129,-1.9233104653007342
3,pitch,current_kp06_ki002,2.080048110976161,1.3754381407046172,4.102502312101258,0.0339609917499577
3,roll,current_kp15_ki002,2.820687197807067,-1.9176955837062635,5.356319648596626,-1.889567342133324
3,pitch,current_kp15_ki002,2.687896777934122,1.7437378760609716,5.243491275234208,0.12088323534260681
3,roll,current_kp10_ki0,2.57606018986438,-1.9112601363762196,4.673602100249587,-1.8870460937549023
3,pitch,current_kp10_ki0,2.375333886713117,1.5574032199642247,4.559452351650798,0.07635318894281706
3,roll,wide_kp10_band020,2.394692189201012,-1.8310553604586157,4.161763636937685,-1.886483731588875
3,pitch,wide_kp10_band020,2.1768194971273918,1.4102571994820974,4.188646397343809,0.1109525760449741
3,roll,wide_kp10_band050,2.6803315718138307,-1.9909606533530941,4.823183290151761,-1.885973612346608
3,pitch,wide_kp10_band050,2.4934300454994576,1.6679937859337972,4.826641568925407,0.11161546500081565
3,roll,mid_gate_kp10,2.583076129839277,-1.925663180222497,4.677731807925619,-1.8861385388521161
3,pitch,mid_gate_kp10,2.402255195123826,1.6028829156580238,4.606119390149913,0.11147760484373093
3,roll,madgwick_imu,2.8165166707905476,-2.1599446603748325,4.964172740367601,-1.8977218937957927
3,pitch,madgwick_imu,2.30701863832831,1.5363461595957926,4.6117992509932275,0.08920084186005273
3,roll,ekf_rp,3.012074929579218,-2.6104529386461897,5.236319869259855,-1.9927622059693189
3,pitch,ekf_rp,1.8929166957891352,0.9993808508647583,3.781790602992289,-0.44764327866531683
4,roll,bf_gate_kp025_ki0,3.2386094159343806,-3.064158767941891,4.33422878356415,-3.561537183592171
4,pitch,bf_gate_kp025_ki0,1.90284918717083,-1.764848480744817,2.937013253795159,0.6647116497073392
4,roll,current_kp10_ki002,4.162177072617497,-3.847738887048691,6.455438423842572,-4.357118443611467
4,pitch,current_kp10_ki002,1.899537031056378,-0.8188722209776438,3.334287245900533,0.3228297615820864
4,roll,current_kp06_ki002,3.946683601439973,-3.7656172408497666,5.641871878175011,-4.130018763174686
4,pitch,current_kp06_ki002,1.5853266937921486,-0.805492506501374,2.7688610115154324,0.6562720605201681
4,roll,current_kp15_ki002,4.385409336483712,-3.9001946827512644,7.154067467448546,-4.534364086262226
4,pitch,current_kp15_ki002,2.224053221237846,-0.8425149105186875,4.022552434145719,0.20624369743982218
4,roll,current_kp10_ki0,4.158263844571162,-3.843305114853059,6.4502471809469775,-4.329585697143978
4,pitch,current_kp10_ki0,1.917177981045088,-0.8654966834130376,3.3865015151356097,0.3028699366280928
4,roll,wide_kp10_band020,3.9777661065562375,-3.7374260241506585,5.854946044863306,-4.389086908973949
4,pitch,wide_kp10_band020,1.7557110219024188,-0.8563765104672503,3.144587172739701,0.3418948697142975
4,roll,wide_kp10_band050,4.255856905610001,-3.9039509309951854,6.681045896695069,-4.346214065061165
4,pitch,wide_kp10_band050,1.967845835184769,-0.8082821598574582,3.524332006416236,0.3171818850326861
4,roll,mid_gate_kp10,4.1627798376019935,-3.84811097061187,6.4556676543917675,-4.357186404957494
4,pitch,mid_gate_kp10,1.9005149763839126,-0.8200959321352245,3.332575437492839,0.3231105319756159
4,roll,madgwick_imu,4.29669049985569,-3.9168377716792637,6.686438511673591,-4.735967015937783
4,pitch,madgwick_imu,2.1075942620718986,-1.1260838542396296,3.7094951752260994,0.07957218756349305
4,roll,ekf_rp,4.211650183814121,-3.933471568640273,6.056754927854378,-4.168721383513294
4,pitch,ekf_rp,1.9232206938578895,-1.1010525272327107,3.2234643794340894,1.272398351713425
5,roll,bf_gate_kp025_ki0,1.8592052516440054,1.2703930723511097,4.791715022924438,0.42038298510682326
5,pitch,bf_gate_kp025_ki0,1.8811150872794613,-1.3945060254626802,3.9566718793280766,-0.26396379502514233
5,roll,current_kp10_ki002,1.8410153869189116,0.05584695521386625,4.263906144495961,0.34669935456763845
5,pitch,current_kp10_ki002,3.98215728647134,3.084719589302262,8.054023949676322,0.4850554031608212
5,roll,current_kp06_ki002,1.3361538060213753,0.10497257408170371,2.942814506262585,0.3504905809883776
5,pitch,current_kp06_ki002,3.5023239195915825,2.761912037092197,6.605146280826884,0.4998881967918982
5,roll,current_kp15_ki002,2.438354112473689,0.004491696729722578,5.493418056921913,0.34349844998553136
5,pitch,current_kp15_ki002,4.363156811568444,3.2528394576045425,8.762598282911792,0.4922490931608392
5,roll,current_kp10_ki0,1.8430514555651485,0.0936255240958307,4.287717555743501,0.36962020334259726
5,pitch,current_kp10_ki0,3.9551753127746374,3.0540037892465572,8.014228425381397,0.4467552751116606
5,roll,wide_kp10_band020,1.5718751486935563,0.2227074992457967,3.4569028644388013,0.3491677452033288
5,pitch,wide_kp10_band020,3.4595669817063066,2.6944639904530763,6.424980385037521,0.4883975205872062
5,roll,wide_kp10_band050,2.015320831879507,-0.04511714189481737,4.685033300998678,0.34630525813583724
5,pitch,wide_kp10_band050,4.204633313252591,3.237814109710825,8.345682160167147,0.48441675648748994
5,roll,mid_gate_kp10,1.8412287173255981,0.056457762176109635,4.265332857512135,0.3466742524522677
5,pitch,mid_gate_kp10,3.9802518359996384,3.0829238526014846,8.055614696878445,0.48502893244375045
5,roll,madgwick_imu,1.959953870845737,-0.19291539050661113,3.8514710676488955,0.33829433561873623
5,pitch,madgwick_imu,4.111933535991954,3.1636432714145024,8.108863796347912,0.5362607768500465
5,roll,ekf_rp,1.2834784596676414,0.126891819201715,2.8199158423654778,0.45148543195172053
5,pitch,ekf_rp,3.76575082889018,2.9789003544356167,6.9659172002880005,0.03610775876051675
6,roll,bf_gate_kp025_ki0,2.910937537414347,-2.8324835027404913,4.395496470492279,-2.651364085657499
6,pitch,bf_gate_kp025_ki0,1.0788116365365337,-0.7422575273600006,1.4758377446284965,-1.1562738656276448
6,roll,current_kp10_ki002,3.2720125268757423,-3.006631481916365,5.535969935671011,-2.5385972381616755
6,pitch,current_kp10_ki002,1.8029424378016317,0.6701048454940824,4.307508305896391,-0.2232890009969961
6,roll,current_kp06_ki002,3.1739647777904643,-3.0059157327203225,5.054635990905748,-2.5474446585852997
6,pitch,current_kp06_ki002,1.6072882165746003,0.6440230405370999,3.541511593618927,-0.2260338383901388
6,roll,current_kp15_ki002,3.4183919096112314,-3.0270397454485583,6.488270347823843,-2.5383786246945466
6,pitch,current_kp15_ki002,2.0293381816383955,0.694708520974977,4.696781131338181,-0.21143506570060833
6,roll,current_kp10_ki0,3.2402163921302987,-2.9754035968974835,5.49847003411364,-2.520069798746401
6,pitch,current_kp10_ki0,1.7424106638881467,0.5679814327066229,4.144619932739873,-0.31682491403008584
6,roll,wide_kp10_band020,3.1860261482214614,-2.9998477170997195,5.053268139702794,-2.538339939510184
6,pitch,wide_kp10_band020,1.6359163185380607,0.6310110854698441,3.822705587524449,-0.2240688717594499
6,roll,wide_kp10_band050,3.3168237836382723,-3.0152642247590395,5.766990368906819,-2.5385944554621274
6,pitch,wide_kp10_band050,1.885721923597817,0.6813995491837171,4.410671813963098,-0.22297445307587793
6,roll,mid_gate_kp10,3.273600523006317,-3.0081918692802923,5.541249353179123,-2.538582931466915
6,pitch,mid_gate_kp10,1.8019536526641609,0.6697045494298332,4.303805945285934,-0.2233055845985703
6,roll,madgwick_imu,3.230602671031443,-2.9455562468005194,5.250244857782675,-2.536907654612668
6,pitch,madgwick_imu,1.7409446331129024,0.6178222045129803,3.8473540968332656,-0.16668273797530064
6,roll,ekf_rp,3.078882896255341,-2.9225521676268342,4.864803437425168,-2.5956633466374512
6,pitch,ekf_rp,1.2623170222751332,0.1192029152548527,2.73881312425497,-0.7757448046745417
