start_s,dur_s,yawcmd_p95,gz_p95,above_pre,above_during,above_post,thr_pre,thr_during,thr_post,vz_pre,vz_during,vz_post,file
29.96,0.589,231.0,13.368418,196.68857299,267.2001963833333,262.63526856,3753.11,3792.5333333333333,3763.0,0.07326487,0.0148354,-0.041178433333333334,第一次飞行_比较稳态_无故意干扰yaw.csv
46.049,0.12,189.4,13.8213618,76.96716735,63.96364661538462,42.953489213333334,3774.82,3758.076923076923,3780.673333333333,-0.02746136,0.0006017692307692304,-0.017679013333333334,第一次飞行_比较稳态_无故意干扰yaw.csv
50.549,0.41,212.8,11.313981550000001,35.89092326000006,34.599703666666706,38.6737409266667,3769.92,3759.0714285714284,3785.9,-0.00205659,0.016586880952380954,-0.029703,第一次飞行_比较稳态_无故意干扰yaw.csv
65.639,2.2,410.0,21.577276,-12.411873190000001,15.31718174660634,7.111086433333337,3803.03,3828.6153846153848,3832.6266666666666,0.03521237,0.0033615927601809955,-0.00436924,第一次飞行_比较稳态_无故意干扰yaw.csv
69.479,1.78,332.1,20.520580499999998,7.497364490000004,-5.2938634804469284,-4.190531833333331,3839.49,3815.5530726256984,3842.1466666666665,-0.01474922,-0.0007905474860335196,-0.03411745333333333,第一次飞行_比较稳态_无故意干扰yaw.csv
77.819,1.39,290.0,13.832720649999999,-55.62944520999999,-55.63700608571428,-29.6976677,3851.32,3839.4857142857145,3833.7733333333335,-0.00991938,0.011862607142857143,0.00509262,第一次飞行_比较稳态_无故意干扰yaw.csv
80.189,0.16,192.59999999999997,3.8941783999999995,-30.393449760000003,-24.776324000000006,-53.85590742666667,3831.96,3810.0,3864.0933333333332,0.00913687,0.03297994117647059,-0.015733213333333333,第一次飞行_比较稳态_无故意干扰yaw.csv
85.359,3.37,382.0,18.25875015,-63.15788021,18.861605139053257,-17.881002586666664,3833.92,3823.2544378698226,3901.4733333333334,0.05327001,0.005341704142011835,-0.008714326666666666,第一次飞行_比较稳态_无故意干扰yaw.csv
89.799,0.75,255.75,5.133645,-11.361264649999997,-28.186545921052623,-12.219688746666664,3916.92,3839.7236842105262,3858.8533333333335,-0.04235904,0.06924355263157894,-0.023740946666666665,第一次飞行_比较稳态_无故意干扰yaw.csv
102.21,0.46,216.7,12.095542,-25.391244009999973,0.5278645106382899,34.471431833333355,3853.3,3856.148936170213,3839.3,0.03158101,0.004020936170212766,0.0007972199999999999,第一次飞行_比较稳态_无故意干扰yaw.csv
102.72,1.58,272.0,11.8762536,-6.30755071999999,35.9769213647799,30.50750890000001,3859.41,3835.811320754717,3849.54,0.00772192,0.0045227106918238995,-0.007435526666666667,第一次飞行_比较稳态_无故意干扰yaw.csv
110.969,0.88,245.0,18.797464599999998,-5.738554809999963,-2.058530786516817,-31.58005288666665,3870.78,3882.078651685393,3894.8133333333335,-0.00941144,-0.032353123595505615,-0.022423133333333334,第一次飞行_比较稳态_无故意干扰yaw.csv
131.139,1.2,224.0,11.299323,-48.99702215999999,-25.03428868595041,-47.03956829999999,3921.4,3901.00826446281,3963.233333333333,0.00168976,0.01807568595041322,-0.05513329333333333,第一次飞行_比较稳态_无故意干扰yaw.csv
135.169,2.61,302.0,15.000368750000002,-76.89212591999998,-20.065633583969458,-39.16691449333332,3927.83,3921.9656488549617,3940.633333333333,0.04413201,-0.0015842137404580153,-0.011422053333333333,第一次飞行_比较稳态_无故意干扰yaw.csv
141.539,2.29,316.0,8.811239550000002,-50.912965679999985,-54.78714841304347,-16.531677673333323,3959.13,3934.3608695652174,3937.4666666666667,-0.02022137,0.024798595652173912,-0.005493366666666667,第一次飞行_比较稳态_无故意干扰yaw.csv
149.269,3.12,283.0,9.9836304,-66.70935548999998,0.13175695846646082,6.691316673333337,3948.89,3927.9073482428116,3946.96,0.032819759999999996,0.016998124600638976,-0.01537042,第一次飞行_比较稳态_无故意干扰yaw.csv
152.869,0.27,200.0,0.8620076,19.059157130000003,6.9410486785714465,-5.423642626666661,3922.47,3949.6071428571427,3955.8333333333335,0.0061057,-0.022274321428571428,-0.01768902,第一次飞行_比较稳态_无故意干扰yaw.csv
165.809,0.32,214.2,14.716245999999998,-42.67140938999998,-65.59853299999995,-22.24201595999995,4063.34,3948.121212121212,4033.68,-0.05157484,0.09723487878787879,0.013862193333333333,第一次飞行_比较稳态_无故意干扰yaw.csv
170.919,0.35,258.5,17.48792025,29.53780140000004,13.607642138888934,-11.305949766666636,3999.11,4012.0,4049.0066666666667,-0.02922082,0.032134416666666665,-0.04630528666666667,第一次飞行_比较稳态_无故意干扰yaw.csv
174.659,0.97,246.0,15.337681349999999,-3.0216541499999674,-26.01910590816325,9.275509833333345,4030.51,4123.928571428572,4040.7,-0.03396818,0.02765684693877551,0.018778633333333333,第一次飞行_比较稳态_无故意干扰yaw.csv
170.275,2.22,882.0,33.211613400000005,-122.99981063999996,-36.64279507623315,10.300782253333361,4031.77,3967.798206278027,3988.8533333333335,0.0235859,0.04123986098654708,-0.0267272,第二次飞行_故意干扰yaw_感觉干扰yaw的时候会升高.csv
175.425,0.35,671.25,11.5474055,-22.063340949999965,-27.26431419444442,-8.848485733333302,4009.81,4007.3333333333335,3969.68,-0.02658798,-0.009559722222222223,0.022977366666666665,第二次飞行_故意干扰yaw_感觉干扰yaw的时候会升高.csv
175.905,2.41,938.8,24.148475549999997,-26.07550333999997,13.57725325619838,31.06964731333336,4014.16,3957.2024793388427,3981.4666666666667,-0.02613617,0.02350001652892562,-0.017667,第二次飞行_故意干扰yaw_感觉干扰yaw的时候会升高.csv
181.795,2.39,1060.05,31.68105755,-41.57460429999996,5.216634066666691,10.546858866666698,3982.98,3947.704166666667,4023.4933333333333,0.01673238,0.03848322916666667,-0.0790107,第二次飞行_故意干扰yaw_感觉干扰yaw的时候会升高.csv
186.295,2.01,224.89999999999998,35.49658504999999,-74.50047960999997,-91.35941984653462,-135.62738263999998,4052.54,4032.2524752475247,4101.886666666666,-0.05264231,0.001233549504950495,-0.05120552666666667,第二次飞行_故意干扰yaw_感觉干扰yaw的时候会升高.csv
194.915,0.6,489.0,26.281483,-25.580952619999962,-74.44449783606555,-49.13550649999996,4076.54,4053.72131147541,4019.8333333333335,-0.05927767,0.0005781475409836066,0.032029246666666664,第二次飞行_故意干扰yaw_感觉干扰yaw的时候会升高.csv
197.755,1.73,1681.4,76.51700135,-22.994423739999966,106.99899160919544,240.75178027333337,3994.62,3851.0459770114944,3993.306666666667,0.05085039,0.1572405747126437,-0.18172171333333334,第二次飞行_故意干扰yaw_感觉干扰yaw的时候会升高.csv
199.705,1.25,324.25,30.355973,223.59117807000004,233.52429014285718,9.917909120000045,3773.86,4013.4603174603176,3952.2733333333335,0.17114948,-0.20646350793650795,0.07937441333333334,第二次飞行_故意干扰yaw_感觉干扰yaw的时候会升高.csv
201.505,1.2,2296.0,114.10685,84.92894420000005,-0.08578348760326102,130.5506048466667,4066.37,3864.0743801652893,3990.233333333333,-0.15785194,0.20995439669421487,-0.09787866,第二次飞行_故意干扰yaw_感觉干扰yaw的时候会升高.csv
202.915,0.54,337.9,33.1646162,10.33857798000004,190.79353714545456,17.570999913333367,3795.06,3961.3636363636365,4053.8933333333334,0.29162264,-0.10762505454545454,-0.09782984666666666,第二次飞行_故意干扰yaw_感觉干扰yaw的时候会升高.csv
204.165,0.89,718.0,8.64401435,122.85504965000003,-50.82285006666663,-54.52742016666664,4052.76,4044.1222222222223,4032.846666666667,-0.17961629,-0.0308117,-0.023621126666666666,第二次飞行_故意干扰yaw_感觉干扰yaw的时候会升高.csv
208.415,1.17,107.45000000000002,25.1835586,-165.58913748999996,-113.41771831355929,-77.59270243999997,4079.08,4061.7966101694915,4059.8933333333334,0.01351529,0.06965703389830509,-0.02378786,第二次飞行_故意干扰yaw_感觉干扰yaw的时候会升高.csv
212.185,1.41,489.9,37.32033445,-90.28057722999996,-86.80967597183096,-66.32143211999997,4039.36,4064.612676056338,4019.52,0.02393936,-0.008441415492957747,0.047961293333333335,第二次飞行_故意干扰yaw_感觉干扰yaw的时候会升高.csv
213.655,3.21,963.95,40.318466,-91.68753835999996,-9.346967698757727,46.40293022000004,4074.58,3991.313664596273,3989.346666666667,-0.01719258,0.04462054968944099,-0.0007056933333333331,第二次飞行_故意干扰yaw_感觉干扰yaw的时候会升高.csv
216.945,3.21,1032.85,27.83766075,58.999638750000045,66.624069447205,39.55570734666669,3975.63,3976.080745341615,4046.8333333333335,0.01264411,0.0005501180124223604,-0.08853828666666666,第二次飞行_故意干扰yaw_感觉干扰yaw的时候会升高.csv
221.645,0.18,275.1,23.2442364,22.90237261000003,-35.692703842105246,-74.55736069333331,4065.38,4058.0,4060.306666666667,-0.10508863,-0.04843731578947368,-0.0167425,第二次飞行_故意干扰yaw_感觉干扰yaw的时候会升高.csv
224.216,1.051,281.0,33.357132,-76.28913015999997,-48.48321867924525,-44.33263047999997,4037.17,4046.1509433962265,4062.16,0.02558405,0.025932622641509435,-0.023585093333333335,第二次飞行_故意干扰yaw_感觉干扰yaw的时候会升高.csv
